,id,arrondissement,annee_financement,nombre_logement,geo_point_2d
0,2000028,18,2001,6,"48.884213899547184, 2.3533469673677816"
1,2000097,12,2002,24,"48.83542282012853, 2.4020396805642026"
2,2000113,7,2002,15,"48.85957020973672, 2.307226483261079"
3,2000157,15,2002,92,"48.84300703013455, 2.2758199012674734"
4,2000161,3,2002,16,"48.86824595023758, 2.3550205543434504"
5,2000172,3,2002,39,"48.866528340254874, 2.3635346455168578"
6,2000174,17,2002,121,"48.884664399630495, 2.3090484989830755"
7,2000176,15,2002,55,"48.84398551966323, 2.2856492144407357"
8,2000177,12,2002,35,"48.845767589852834, 2.405808466163551"
9,2000194,20,2003,20,"48.85534178026296, 2.4100153815301413"
10,2000241,9,2003,28,"48.87168240016268, 2.3339845542732167"
11,2000283,20,2003,1,"48.8730006797824, 2.3838310971515106"
12,2000303,12,2004,9,"48.84550974974028, 2.403991158495159"
13,2000307,18,2004,3,"48.89209748012537, 2.340767584398051"
14,2000308,15,2004,4,"48.84068979975365, 2.302516143553558"
15,2000313,18,2004,32,"48.8945508100154, 2.336840716264254"
16,2000360,10,2004,67,"48.88327835042769, 2.3510944293404257"
17,2000404,10,2004,15,"48.87027312963257, 2.362256136171978"
18,2000438,10,2004,25,"48.877115280188036, 2.350820465004039"
19,2000459,12,2005,13,"48.83906102024777, 2.3958251402072848"
20,2000470,16,2005,2,"48.865350330253484, 2.292076590469683"
21,2000484,5,2005,2,"48.845112190362954, 2.3542064405625402"
22,2000487,20,2005,16,"48.86933213004074, 2.39219571850461"
23,2000493,13,2005,23,"48.83015794999378, 2.3802864335318903"
24,2000504,20,2005,7,"48.8715163303353, 2.3987201040841106"
25,2000515,18,2005,25,"48.888750090401814, 2.346320507135922"
26,2000524,12,2005,23,"48.84825726024567, 2.378585551357808"
27,2000535,18,2005,9,"48.88948580960358, 2.355136971665951"
28,2000545,11,2005,300,"48.85401412984623, 2.3827372712790336"
29,2000555,15,2005,5,"48.83702007992683, 2.2838086362422456"
30,2000562,14,2005,20,"48.83143416000969, 2.3227106715220023"
31,2000624,12,2006,41,"48.84581330044003, 2.3798461374836846"
32,2000625,19,2006,56,"48.89344512976325, 2.3770447973415076"
33,2000654,13,2006,49,"48.824951510413015, 2.3879209371280816"
34,2000696,11,2006,3,"48.858795310075585, 2.369330756580323"
35,2000706,18,2006,1,"48.88838557962134, 2.3617744755262393"
36,2000735,15,2006,50,"48.83870085017224, 2.293450430354241"
37,2000792,12,2007,8,"48.84739171011039, 2.3885430733639437"
38,2000794,20,2007,4,"48.87430636017309, 2.3957538563964653"
39,2000811,13,2007,5,"48.829892280110045, 2.353377798487491"
40,2000812,13,2007,3,"48.83361238957054, 2.344826722590201"
41,2000841,18,2007,6,"48.88883910018022, 2.3583652791810734"
42,2000860,18,2007,4,"48.89542844002338, 2.33090749149667"
43,2000869,14,2007,2,"48.828456500290756, 2.3160225185774403"
44,2000893,19,2007,7,"48.892887280031495, 2.373964990428512"
45,2000894,20,2007,10,"48.901015710073565, 2.3802602525012198"
46,2000906,2,2007,10,"48.8690921696918, 2.349729605510485"
47,2000918,7,2007,11,"48.85984329021336, 2.3096882462671102"
48,2000982,12,2007,141,"48.84897440010339, 2.3909879240664704"
49,2000989,10,2007,66,"48.871396769801, 2.350769405242443"
50,2000994,15,2007,10,"48.8299668104287, 2.303051979529949"
51,2001009,18,2007,3,"48.89605600989635, 2.34751171318518"
52,2001012,18,2007,6,"48.89310307018277, 2.350974968117882"
53,2001036,20,2008,303,"48.87138242999363, 2.4017182765321423"
54,2001055,12,2008,27,"48.83350834008081, 2.3896940864958056"
55,2001070,13,2008,10,"48.82516677029089, 2.357293225515175"
56,2001073,12,2008,14,"48.85142940989917, 2.3751178271662097"
57,2001110,12,2008,1,"48.84714217995002, 2.3884923170507943"
58,2001121,15,2008,1,"48.840160809923404, 2.2929787775233796"
59,2001162,1,2008,8,"48.86158651016557, 2.34851819760326"
60,2001173,1,2008,12,"48.86131722995441, 2.3435628521052165"
61,2001210,11,2008,22,"48.858875019643136, 2.3739442844695287"
62,2001211,13,2008,72,"48.83597018012104, 2.3450870190970514"
63,2001220,5,2008,1,"48.850746390249576, 2.3497379920269856"
64,2001230,17,2008,1,"48.88400226999651, 2.291417730654946"
65,2001231,17,2008,3,"48.88879171002027, 2.3004374994363284"
66,2001257,18,2008,100,"48.89295048032951, 2.3594554706282724"
67,2001267,20,2008,10,"48.87087715991025, 2.391726247152168"
68,2001269,20,2008,6,"48.85679928024981, 2.4008478520913408"
69,2001294,20,2009,20,"48.85348929014072, 2.398890258377393"
70,2001296,5,2009,17,"48.841206949670365, 2.3477799705225766"
71,2001323,3,2009,4,"48.862689669711614, 2.362427890519167"
72,2001332,12,2009,1,"48.833078679958746, 2.399924815061483"
73,2001370,12,2009,1,"48.84464607013104, 2.3898835825557314"
74,2001373,17,2009,29,"48.89536597983247, 2.323446098437004"
75,2001410,16,2009,16,"48.83951100038468, 2.2637978131153518"
76,2001422,16,2009,1,"48.84977261976464, 2.2690857026019833"
78,2001438,11,2009,14,"48.86583564037632, 2.3677630225519315"
79,2001445,17,2009,2,"48.864857199825025, 2.3491958923457226"
80,2001446,15,2009,2,"48.836091239653186, 2.2905216895923752"
81,2001502,20,2009,1,"48.87255916957472, 2.3790450616527363"
82,2001507,20,2009,2,"48.86823420036197, 2.4038922895424206"
83,2001521,15,2009,1,"48.84224655964288, 2.298263920680949"
84,2001552,19,2009,1,"48.89178242965484, 2.3823033414352937"
85,2001557,13,2010,109,"48.82163864987446, 2.3667101785288724"
86,2001558,12,2010,92,"48.83435429980301, 2.3972146524802613"
87,2001565,17,2010,12,"48.87640616965895, 2.293861883084684"
88,2001575,1,2010,25,"48.861108219713515, 2.342399150575154"
89,2001586,5,2010,2,"48.842121279813746, 2.361812734598992"
90,2001588,18,2010,2,"48.89937388976746, 2.3348540175259425"
91,2001602,12,2010,1,"48.84728951022055, 2.3698356745832836"
92,2001623,15,2010,1,"48.84221772994218, 2.2956188854172375"
93,2001627,20,2010,1,"48.85560529995494, 2.4115280444127376"
94,2001634,13,2010,100,"48.82183409025092, 2.3474112821996798"
95,2001660,18,2010,4,"48.89095924987927, 2.351671345560742"
96,2001665,16,2010,1,"48.84947286004293, 2.2736772005794355"
97,2001697,11,2010,18,"48.853010860134994, 2.379396516449888"
98,2001699,14,2010,8,"48.82419639016113, 2.330103688619594"
99,2001725,10,2010,14,"48.87076589032473, 2.373297888507574"
100,2001744,19,2010,17,"48.89378175027069, 2.3736394562179184"
101,2001755,18,2010,5,"48.884887659746326, 2.328893819499846"
102,2001765,19,2010,1,"48.87831366988579, 2.398858096369331"
103,2001769,15,2010,2,"48.84269833002137, 2.2846581124253253"
104,2001781,18,2010,4,"48.88838447040061, 2.3614588055334145"
105,2001789,18,2010,1,"48.89303415972028, 2.35244047460204"
106,2001817,17,2010,20,"48.88061367976926, 2.2980915344720314"
107,2001849,15,2011,1,"48.842327850123176, 2.2987871183629767"
108,2001858,20,2011,1,"48.85010264007792, 2.4054126644461107"
109,2001862,1,2011,36,"48.863147280099774, 2.338957786564146"
110,2001887,16,2011,24,"48.85096542990833, 2.2676016130657954"
111,2001895,20,2011,12,"48.8723818698949, 2.3846409201064502"
112,2001897,15,2011,60,"48.83060702000114, 2.306062580609293"
113,2001902,12,2011,22,"48.84582550980685, 2.4100690731724725"
114,2001909,12,2011,2,"48.83413954965177, 2.4069396622357506"
115,2001916,20,2011,9,"48.85319595029476, 2.4115783380853943"
116,2001933,15,2011,2,"48.82873422985682, 2.2989263794783747"
117,2001934,15,2011,1,"48.842936009846476, 2.2961371224391205"
118,2001950,6,2011,55,"48.84907376955985, 2.3239855353866754"
119,2001965,5,2011,14,"48.84093129007881, 2.3509947465904437"
120,2001980,19,2011,36,"48.875856110090965, 2.3817917366603965"
121,2001982,18,2011,10,"48.88362052955422, 2.33852075062538"
122,2002003,19,2011,95,"48.8829363102652, 2.3756442955800723"
123,2002008,20,2011,2,"48.864845460141254, 2.3974566414699137"
124,2002054,11,2012,12,"48.85713784960924, 2.383685984527241"
125,2002095,9,2012,20,"48.88024384960657, 2.3290487954313286"
126,2002099,18,2012,1,"48.8841547799077, 2.349699250649085"
127,2002114,20,2012,2,"48.86477320994734, 2.2864138606826288"
128,2002143,17,2012,16,"48.88364194035386, 2.2900028523630542"
129,2002158,17,2012,100,"48.89379205032537, 2.3127080485336444"
130,2002170,17,2012,1,"48.885757560399796, 2.2896307336250388"
131,2002277,10,2013,23,"48.87463927994075, 2.3543292310430597"
132,2002299,19,2013,25,"48.89173151001136, 2.380081134362677"
133,2002301,19,2013,19,"48.888175400366954, 2.3844533900556755"
134,2002328,12,2013,28,"48.84513646998944, 2.389336467297632"
135,2002339,15,2013,2,"48.842379579674315, 2.275362525085652"
136,2002350,16,2013,45,"48.85940277956698, 2.2770195744023605"
137,2002368,20,2013,2,"48.8505497899066, 2.3995293986734345"
138,2002379,10,2013,7,"48.869580250112655, 2.358355241547519"
139,2002388,14,2013,86,"48.82572913021368, 2.302106447495888"
140,2002411,20,2013,52,"48.86153284026501, 2.404343548403538"
141,2002425,10,2013,43,"48.877811819719234, 2.369020390391527"
142,2002443,20,2013,8,"48.87261084032937, 2.3823781420921284"
143,2002478,17,2014,74,"48.89217072958108, 2.309308455548557"
144,2002502,15,2014,258,"48.83867610026953, 2.29040350438463"
145,2002530,15,2014,16,"48.83689865990136, 2.29320812664163"
146,2002537,3,2014,24,"48.864714989606675, 2.365494233417726"
147,2002575,19,2014,1,"48.88633621023397, 2.387609864415891"
148,2002604,12,2014,39,"48.847743490004014, 2.3916314104166596"
149,2002609,14,2014,9,"48.830133960029805, 2.3323525043520785"
150,2002621,18,2014,90,"48.89672711029554, 2.3587595191249897"
152,2002629,20,2014,56,"48.8651289697329, 2.38802364414132"
153,2002683,10,2015,47,"48.878479230336964, 2.367042167361836"
154,2002699,17,2015,1,"48.89325757032543, 2.31903838134275"
155,2002709,19,2015,13,"48.87870335015988, 2.390595769333896"
156,2002724,13,2015,12,"48.82532783962803, 2.378030422432003"
157,2002732,16,2015,9,"48.84043193999301, 2.2633670051126313"
158,2002750,19,2015,54,"48.8793209602286, 2.3714687075621663"
159,2002793,17,2015,849,"48.88788488959014, 2.2973211454213422"
160,2002798,19,2015,12,"48.87483582002461, 2.379854642049169"
161,2002816,10,2015,12,"48.8715737297416, 2.3622711595093495"
162,2002851,20,2015,130,"48.87246379003236, 2.3910286914800403"
163,2002857,18,2015,3,"48.89166296999949, 2.3655494195426625"
164,2002863,16,2015,17,"48.85250844023542, 2.2612055853852753"
165,2002890,17,2016,1,"48.880589779856486, 2.2923966034556753"
166,2002927,13,2016,4,"48.820980190337735, 2.361040098197379"
167,2002931,11,2016,1,"48.85933105020066, 2.3772257323047232"
168,2002994,14,2016,63,"48.83385943986836, 2.334901829368422"
169,2003035,20,2016,26,"48.866248030296, 2.4059683973688517"
170,2003037,20,2016,94,"48.866303269819774, 2.3899781581286157"
171,2003153,20,2017,18,"48.87029129041193, 2.4051116541852284"
172,2003161,13,2017,32,"48.83107098031615, 2.358261502027349"
173,2003169,18,2017,7,"48.8853956996838, 2.3391761564221736"
174,2003194,10,2017,24,"48.87517541005811, 2.3560294872770142"
175,2003201,15,2017,16,"48.82942243033285, 2.3019684246559495"
176,2003207,1,2017,1,"48.861280890255486, 2.342400651331192"
177,2003211,3,2017,1,"48.85962004967477, 2.361141361112943"
178,2003247,11,2017,1,"48.85667597995397, 2.387179550186986"
179,2003328,18,2018,2,"48.884575410381906, 2.3365227136670326"
180,2003354,18,2018,17,"48.89496677987998, 2.3485468022402634"
181,2003393,3,2018,20,"48.8684215797867, 2.356215086379308"
182,2003412,18,2018,15,"48.88980133018754, 2.3473853862093828"
183,2003474,18,2019,1,"48.89552442028441, 2.3474230884967984"
184,2003482,17,2019,1,"48.89263626982565, 2.3170903754109626"
185,2003483,13,2019,1,"48.82064507013897, 2.3508995929861145"
186,2003512,13,2019,75,"48.81767065960232, 2.359252053104363"
187,2003675,14,2019,16,"48.82776305005202, 2.3059717642387683"
188,2003589,14,2020,1,"48.82783409012015, 2.3065713095793376"
189,2003629,4,2020,1,"48.86095134985092, 2.350524952197118"
190,2003658,5,2020,5,"48.84201732022906, 2.3411170651969337"
191,2003690,12,2020,3,"48.85006193014565, 2.3738832265529135"
192,2003693,17,2020,1,"48.88747717992969, 2.2974084053503985"
193,2003713,12,2020,4,"48.84305045034494, 2.40481739422836"
194,2003719,12,2020,36,"48.838967380013614, 2.394042758493729"
195,2003792,14,2021,25,"48.840641990178966, 2.324256343590142"
196,2003809,2,2021,17,"48.86764255991754, 2.3517570212061543"
197,CPE14,19,2021,71,"48.87402738987441, 2.3766265844965626"
198,CPE28,20,2021,118,"48.87530407989986, 2.4026743430707205"
199,CPE53,9,2021,17,"48.87397998001187, 2.346512657604425"
200,2003977,10,2022,14,"48.87944421024249, 2.3667900904177332"
201,2003989,13,2022,1,"48.820547120156434, 2.3500033296464617"
202,2004038,11,2022,18,"48.86155528025152, 2.377681203142507"
204,2004053,20,2022,1,"48.85540978017015, 2.4017941464129198"
205,2004059,6,2022,63,"48.85575727964039, 2.3330432295713472"
206,CPE55,5,2022,4,"48.84043554986959, 2.3501071833062595"
207,CPE66,18,2022,5,"48.887537519681025, 2.3273569300580976"
208,2004067,13,2023,4,"48.824946340027054, 2.356388632340047"
209,2004091,19,2023,86,"48.899310590435256, 2.3877086505705862"
210,2004093,14,2023,16,"48.8308619303273, 2.325895298309893"
211,2004129,5,2023,18,"48.841266409808384, 2.3387491563294005"
212,2004204,3,2024,1,"48.86883153002461, 2.344233570162795"
213,2004242,13,2024,73,"48.83543942971298, 2.3524851354848857"
214,2004262,5,2024,12,"48.84245987000139, 2.3519548772284096"
215,2000006,11,2001,15,"48.85522230018403, 2.3871525441724497"
216,2000024,18,2001,7,"48.88667364973254, 2.352886413478314"
217,2000032,12,2001,45,"48.84402340014564, 2.3887060759758216"
218,2000041,6,2001,6,"48.85657645965999, 2.3366691703686895"
219,2000047,19,2001,36,"48.89042570033795, 2.3771742905805016"
220,2000056,13,2001,163,"48.831081300065215, 2.3576097091177366"
221,2000067,13,2001,35,"48.82577299015205, 2.3694983703019665"
222,2000076,17,2001,24,"48.89300944968649, 2.316242093653857"
223,2000079,19,2001,8,"48.87754507008669, 2.406030383619007"
224,2000111,19,2002,10,"48.88501405012888, 2.366009991595924"
225,2000146,17,2002,4,"48.89509186032561, 2.3175362414827236"
226,2000173,19,2002,12,"48.885254120140836, 2.3663137684033395"
227,2000209,5,2003,11,"48.85116113041647, 2.349317043141275"
228,2000232,15,2003,52,"48.83679070978503, 2.3039918992014563"
229,2000235,4,2003,23,"48.8612864300644, 2.3499951131772083"
230,2000249,9,2003,25,"48.87703696994993, 2.327162905674711"
231,2000253,13,2003,38,"48.82424273038634, 2.3569509510499684"
232,2000269,13,2003,37,"48.834393280186966, 2.3657450055109575"
233,2000272,2,2003,15,"48.870386199662825, 2.345087364296843"
234,2000301,14,2004,6,"48.82945901017919, 2.3272751046758597"
235,2000324,20,2004,4,"48.87219495974847, 2.3824165023560817"
236,2000329,12,2004,32,"48.84733843997424, 2.3778458383426413"
237,2000370,11,2004,3,"48.852179719934554, 2.3925691794156165"
238,2000373,18,2004,56,"48.89389167971063, 2.336372174432639"
239,2000417,20,2004,11,"48.85350883003335, 2.3985396035154816"
241,2000466,19,2005,15,"48.87889158981352, 2.392429380454572"
242,2000485,20,2005,47,"48.85502617956664, 2.4036992205015615"
243,2000497,15,2005,1,"48.8331269802793, 2.289224789357687"
245,2000533,18,2005,21,"48.88697211976334, 2.3521728984721597"
246,2000547,18,2005,8,"48.897246990018424, 2.3455983616251417"
247,2000559,2,2005,8,"48.86869923002987, 2.3455960156641416"
248,2000591,4,2005,11,"48.85320134991501, 2.36798898728805"
249,2000596,18,2005,2,"48.895965620203086, 2.3426223193819427"
250,2000614,4,2006,15,"48.85663207031897, 2.3571204143243523"
251,2000616,18,2006,12,"48.88821625044935, 2.3606214770419007"
252,2000628,13,2006,32,"48.82653442998953, 2.35984434799107"
253,2000657,13,2006,9,"48.82734593026276, 2.3456519703662435"
254,2000710,8,2006,12,"48.880338020383036, 2.3253972485371164"
255,2000712,3,2006,6,"48.866033080329835, 2.3590614340091034"
256,2000723,5,2006,29,"48.85106652972055, 2.3479275316102868"
257,2000725,11,2006,3,"48.86537453010836, 2.376499073305846"
258,2000750,14,2006,10,"48.83250374971406, 2.3196694534666418"
259,2000757,20,2006,5,"48.87480342968497, 2.395544779316528"
260,2000761,20,2006,15,"48.86433563010038, 2.4015089402965812"
261,2000781,10,2007,28,"48.87763973044099, 2.356498158602478"
262,2000838,18,2007,22,"48.88840455029857, 2.3519026034177455"
263,2000938,18,2007,4,"48.892995910159684, 2.350297906584799"
264,2000956,12,2007,28,"48.85155864966038, 2.3745881801748756"
265,2000969,12,2007,1,"48.837272209818714, 2.392532060174872"
266,2001001,20,2007,11,"48.86765400002599, 2.405447048544198"
267,2001005,18,2007,7,"48.88463494006666, 2.3648150022805985"
268,2001097,13,2008,5,"48.82435593998876, 2.3680365865509145"
269,2001106,1,2008,8,"48.86042952003763, 2.342676970652934"
270,2001145,19,2008,25,"48.89411901956349, 2.3835535754339943"
271,2001200,4,2008,20,"48.86068712038595, 2.3502759054553786"
272,2001203,4,2008,9,"48.860654560178055, 2.351069314468381"
273,2001216,17,2008,3,"48.888663369771955, 2.3001608615904647"
274,2001243,20,2008,7,"48.87176168977022, 2.38097256254384"
275,2001246,15,2008,12,"48.84531279033154, 2.287520028555829"
276,2001253,15,2008,5,"48.839837310073214, 2.280943207181199"
277,2001254,10,2008,72,"48.881232810246885, 2.363969813143392"
279,2001302,19,2009,1,"48.88079836983874, 2.3983381512864703"
280,2001354,10,2009,26,"48.87628588043318, 2.3611814974007186"
281,2001372,15,2009,56,"48.83424092005926, 2.3017323674273675"
282,2001376,16,2009,37,"48.86063267024431, 2.283939791623225"
283,2001387,17,2009,2,"48.88405706994123, 2.287327098426987"
284,2001472,10,2009,16,"48.881198280103945, 2.3524386384577762"
285,2001480,19,2009,6,"48.879278040192794, 2.392625856158658"
286,2001485,15,2009,5,"48.83375181007022, 2.3089243524478995"
287,2001496,18,2009,1,"48.88403677011001, 2.350875441621865"
288,2001503,20,2009,1,"48.87466172020634, 2.388337918443543"
289,2001603,18,2010,27,"48.888878949623184, 2.3546519775281958"
290,2001614,20,2010,6,"48.87092800972598, 2.378617684592545"
291,2001649,12,2010,2,"48.83385528988284, 2.406421249560873"
292,2001687,14,2010,8,"48.82772175966339, 2.330668848397909"
293,2001695,11,2010,11,"48.85338357956695, 2.392166752064793"
294,2001705,17,2010,5,"48.88722885025152, 2.295331847604295"
295,2001728,14,2010,156,"48.82859864007595, 2.308583266386238"
296,2001735,14,2010,13,"48.83048105000451, 2.331302069430668"
297,2001750,19,2010,26,"48.881853639919875, 2.370539110476646"
298,2001760,19,2010,21,"48.88977848956543, 2.377891968615003"
299,2001768,13,2010,1,"48.819737219875684, 2.348462362022473"
300,2001774,18,2010,3,"48.89307465992941, 2.350227586645866"
301,2001785,18,2010,1,"48.88522993982384, 2.360487234243227"
302,2001786,18,2010,14,"48.88987168990622, 2.3626925525234297"
303,2001802,20,2010,1,"48.8681632896608, 2.4037973615928996"
304,2001822,19,2010,15,"48.87853773982011, 2.400377743326618"
305,2001839,13,2011,118,"48.82546648011508, 2.3718629134377474"
306,2001852,3,2011,21,"48.86411950031205, 2.355843433281389"
307,2001884,7,2011,27,"48.84958377974586, 2.309588841563415"
308,2001913,17,2011,2,"48.8882425398913, 2.297229491990872"
309,2001917,13,2011,92,"48.82594489042447, 2.381968201631383"
310,2001923,11,2011,24,"48.856211759927625, 2.3930619155739734"
311,2001959,4,2011,14,"48.854028830432426, 2.3612431483922522"
312,2001972,6,2011,19,"48.84786984956249, 2.327529609445151"
313,2002011,11,2011,8,"48.85683663981035, 2.3782264863526468"
314,2002047,17,2012,24,"48.892377950004764, 2.3181778665265647"
315,2002058,14,2012,298,"48.83477742981127, 2.3131947782941222"
316,2002067,13,2012,62,"48.81776445007341, 2.356909087192152"
317,2002071,5,2012,79,"48.84032785034914, 2.3392652883769562"
318,2002075,17,2012,1,"48.8927177402541, 2.3178558915318295"
319,2002109,13,2012,25,"48.832508299999056, 2.360082845060834"
320,2002128,15,2012,1,"48.837100089777756, 2.305422732054346"
321,2002175,13,2012,277,"48.82965310026489, 2.3649971330493327"
322,2002187,19,2012,62,"48.882928980377706, 2.3989046496140674"
323,2002231,10,2012,1,"48.87425048957623, 2.3717054984688266"
324,2002246,11,2013,2,"48.85050776024847, 2.386910321199771"
325,2002272,20,2013,1,"48.86306524968328, 2.388607231331959"
326,2002280,18,2013,40,"48.88744826987498, 2.3595823074297053"
327,2002289,14,2013,24,"48.831374189713756, 2.337665741447234"
328,2002295,13,2013,75,"48.83152636027008, 2.3751756196576594"
329,2002367,20,2013,1,"48.8751453701492, 2.405599749373652"
330,2002386,13,2013,72,"48.831759359568004, 2.364948895022496"
331,2002402,19,2013,61,"48.87931969004951, 2.386817807464146"
332,2002408,20,2013,22,"48.87137034031407, 2.391912263670331"
333,2002423,9,2013,37,"48.877018249878034, 2.3297628955998175"
334,2002482,18,2014,111,"48.89153070979684, 2.359670353636231"
335,2002536,1,2014,16,"48.8614403397636, 2.3442531215397975"
336,2002577,20,2014,3,"48.86466875964346, 2.407012343137744"
337,2002590,3,2014,12,"48.863620490269724, 2.354631919647547"
338,2002595,9,2014,17,"48.88111132963725, 2.332345558544086"
339,2002611,16,2014,11,"48.852799979724715, 2.2754747265254367"
340,2002631,20,2014,85,"48.87462699989744, 2.3926955133714003"
341,2002642,18,2014,12,"48.88986645033165, 2.350211008316112"
342,2002647,20,2014,29,"48.87219546026333, 2.37827306112189"
343,2002696,10,2015,1,"48.87617639041129, 2.354821315385322"
344,2002700,17,2015,1,"48.893242229850316, 2.319727349038727"
345,2002712,7,2015,18,"48.8578476397827, 2.3321914263396315"
346,2002829,14,2015,2,"48.82193496980058, 2.3300693820965055"
347,2002832,14,2015,62,"48.83904519030619, 2.320923308453972"
348,2002838,17,2015,28,"48.88897962038078, 2.3206103495366426"
349,2002843,17,2015,7,"48.894240699706266, 2.3207896456693438"
350,2002852,20,2015,5,"48.864201120251565, 2.3996850723992496"
351,2002872,5,2015,1,"48.84777645987561, 2.3528212985650243"
352,2002880,20,2016,17,"48.87347496962998, 2.401674770503149"
353,2002889,17,2016,5,"48.88254594965509, 2.295426753642445"
354,2002893,20,2016,94,"48.87450371014273, 2.3980255165536484"
355,2002901,12,2016,77,"48.83558524017628, 2.407676755354626"
356,2002904,13,2016,1,"48.82011450018881, 2.3486786014010326"
357,2002905,15,2016,1,"48.84030513961199, 2.293162256441266"
358,2002907,17,2016,1,"48.893490529896965, 2.317325777576691"
359,2002918,15,2016,40,"48.83433072032037, 2.304598529167609"
360,2002969,18,2016,22,"48.8955473101055, 2.3382835995312856"
361,2002973,2,2016,9,"48.865513239617535, 2.3445175212526523"
363,2003005,18,2016,73,"48.896228879711515, 2.358800109593369"
364,2003009,20,2016,42,"48.8577325696257, 2.409593286014074"
365,2003033,18,2016,6,"48.88477111019984, 2.32738300929505"
366,2003034,18,2016,7,"48.88430351042454, 2.34970909348933"
367,2003036,20,2016,14,"48.85472734997648, 2.3989985472544846"
368,2003062,14,2017,300,"48.816931340282906, 2.3332409835657453"
369,2003086,14,2017,5,"48.83242318019425, 2.3198367523650787"
370,2003098,19,2017,10,"48.890760630337994, 2.3867430002624856"
371,2003101,12,2017,15,"48.84361807020261, 2.402066925122837"
372,2003151,20,2017,1,"48.870454320120324, 2.4104691702215435"
373,2003176,20,2017,10,"48.86671525022579, 2.402778089357159"
374,2003226,6,2017,4,"48.85609986000553, 2.336736952321684"
375,2003318,11,2018,7,"48.86247760026307, 2.3767828605814016"
376,2003327,18,2018,53,"48.89476824000236, 2.337295936194506"
377,2003330,18,2018,1,"48.88787093030087, 2.353888538109479"
378,2003341,18,2018,29,"48.886917799763346, 2.3563207285224848"
379,2003345,18,2018,29,"48.887259899790045, 2.3613928871410828"
380,2003359,20,2018,32,"48.869674429937234, 2.405158900341828"
381,2003362,10,2018,12,"48.88110981031296, 2.3581510471426097"
382,2003367,18,2018,67,"48.849692769771366, 2.3724392943289274"
383,2003376,12,2018,2,"48.83428649002516, 2.3941777425771074"
384,2003386,17,2018,7,"48.88865290962627, 2.325465927517562"
385,2003408,17,2018,7,"48.89182492983355, 2.326860509629519"
386,2003422,20,2018,1,"48.868922360010714, 2.4107340052777015"
387,2003429,10,2018,31,"48.877215540011576, 2.3614754980341996"
388,2003436,13,2018,1,"48.83227697955353, 2.3593900291190186"
389,2003439,20,2018,1,"48.862939449961985, 2.402666240623239"
390,2003481,17,2019,1,"48.893630199606534, 2.318306000499559"
391,2003492,12,2019,1,"48.843797349838404, 2.40247300337046"
392,2003495,17,2019,2,"48.89268416017448, 2.317428944434051"
393,2003496,13,2019,3,"48.833089240160575, 2.344492379200941"
394,2003519,9,2019,9,"48.876840169978045, 2.3340132223596677"
395,2003539,16,2019,1,"48.85009390009642, 2.275253915113301"
396,2003610,13,2019,1,"48.82024398968737, 2.3489582466719203"
397,2003613,15,2019,62,"48.83979616033728, 2.293380019565151"
398,2003673,20,2019,261,"48.85032099960535, 2.4060503293101965"
399,2003600,19,2020,11,"48.87558644005887, 2.3929963985529668"
401,2003714,8,2020,1,"48.87419177033196, 2.3157933733981375"
402,2003740,7,2020,2,"48.858695940141814, 2.3215980135028644"
403,2003743,19,2020,34,"48.881998929729036, 2.373170699607652"
404,2003744,16,2020,1,"48.86649060007432, 2.285298767973415"
405,2003836,18,2021,22,"48.894769090279866, 2.343939297392658"
406,CPE31,12,2021,32,"48.83824190973407, 2.393632255500006"
407,CPE38,18,2021,20,"48.88918323004898, 2.349810276380174"
408,CPE5,4,2021,6,"48.85972269981324, 2.3505953886789963"
409,2003983,12,2022,11,"48.847056410257146, 2.370108742520333"
410,2004023,12,2022,12,"48.844432849808385, 2.406117637451482"
411,2004064,20,2022,28,"48.87172596015289, 2.3776943719970225"
412,CPE65,18,2022,11,"48.88946423973999, 2.354475940606989"
414,2004096,10,2023,14,"48.87958866024074, 2.3630908756202507"
415,2004097,13,2023,134,"48.82266884044174, 2.3432018625332582"
416,2004105,15,2023,5,"48.829893290213754, 2.275532547305658"
417,2004109,12,2023,1,"48.84592542970929, 2.40752892541376"
418,2004117,12,2023,1,"48.83367797042799, 2.404456994146432"
419,2004121,14,2023,1,"48.83571200975584, 2.3211507382456302"
420,2004147,16,2023,9,"48.84206067960417, 2.2617990953885383"
421,2004158,13,2023,1,"48.8207057902767, 2.3505837671993004"
422,2004163,11,2023,27,"48.864537249991834, 2.3791707523187635"
423,2004177,20,2023,20,"48.85043234973472, 2.405502292514332"
424,CPE97,18,2023,56,"48.89710126996279, 2.3379466800268105"
425,2004197,16,2024,15,"48.84836790957141, 2.272853925331025"
426,2004205,13,2024,2,"48.83378796955802, 2.343775859066547"
427,2004268,20,2024,11,"48.87357201036068, 2.3856894160370596"
428,2000070,17,2001,25,"48.8909658202591, 2.304824970480072"
429,2000080,12,2001,64,"48.89919232024828, 2.381381677402077"
430,2000104,12,2002,164,"48.838795859697704, 2.3814006272796764"
431,2000120,7,2002,14,"48.85989535034745, 2.307615637619648"
432,2000137,16,2002,17,"48.86562122012856, 2.2953758203768424"
433,2000138,12,2002,24,"48.83627435957891, 2.4071654783376384"
434,2000162,18,2002,5,"48.88691199006239, 2.3524279579998257"
435,2000167,20,2002,13,"48.87169984030591, 2.3813682520566393"
436,2000183,15,2002,36,"48.83480465015682, 2.2960664564419644"
437,2000190,5,2002,1,"48.85180273997268, 2.3468579545962496"
438,2000200,13,2003,35,"48.82047864009213, 2.3597268273638705"
439,2000207,5,2003,4,"48.847009179815, 2.348771893557616"
440,2000227,9,2003,16,"48.87983774042685, 2.3378074233769195"
441,2000240,13,2003,56,"48.82771499962734, 2.376632978605341"
442,2000259,17,2003,85,"48.8898848200499, 2.305765953367304"
443,2000333,5,2004,5,"48.84816880965027, 2.346505821332708"
444,2000371,19,2004,7,"48.87656206006855, 2.403756126676674"
445,2000422,18,2004,5,"48.88710840956965, 2.355571771480292"
446,2000453,19,2005,14,"48.88448034042383, 2.366092611536269"
447,2000500,17,2005,22,"48.88341877011687, 2.2938662470952504"
448,2000501,12,2005,63,"48.838729390306945, 2.4010081053926626"
449,2000512,2,2005,8,"48.86921301955399, 2.3491005343790308"
450,2000514,18,2005,8,"48.895405789812784, 2.3458442386338554"
451,2000549,18,2005,12,"48.88475655002132, 2.3549910864337016"
452,2000568,20,2005,4,"48.86854978978031, 2.4065565745167827"
453,2000609,12,2006,13,"48.847896879597506, 2.3798750054947773"
454,2000623,16,2006,8,"48.86921498036786, 2.2885232730218696"
455,2000630,20,2006,13,"48.85607016997048, 2.4036692754343836"
456,2000640,14,2006,368,"48.8277269796777, 2.3088560143738346"
457,2000664,12,2006,20,"48.835923099716865, 2.404936949443582"
458,2000704,17,2006,11,"48.89044446970755, 2.3210175134331683"
459,2000713,16,2006,25,"48.84087367981829, 2.257123536496039"
460,2000719,20,2006,2,"48.85325381960822, 2.3991215716567225"
461,2000754,17,2006,31,"48.88692744959194, 2.3035113884695857"
462,2000771,14,2007,27,"48.823250279718195, 2.3263170239907605"
463,2000772,1,2007,47,"48.858427310272454, 2.3446009714903666"
464,2000789,18,2007,1,"48.890355150333306, 2.327206119673808"
465,2000795,17,2007,8,"48.88415901955613, 2.318192832295359"
466,2000814,11,2007,91,"48.85673545025864, 2.3739897921162902"
467,2000817,11,2007,47,"48.857753979872776, 2.3740273065375"
468,2000834,16,2007,2,"48.84115100961795, 2.2559247720704954"
469,2000836,13,2007,207,"48.82647383969179, 2.381480447585874"
470,2000846,16,2007,48,"48.84189680044127, 2.257239004347976"
471,2000859,6,2007,7,"48.84728578997418, 2.3224004666704987"
472,2000880,20,2007,3,"48.86727692982204, 2.3853050684991968"
473,2000890,17,2007,7,"48.88780953006153, 2.3241924575115878"
474,2000932,20,2007,7,"48.85484992010209, 2.403390182430519"
475,2000986,19,2007,15,"48.88369417970497, 2.3765626186220183"
476,2000987,18,2007,146,"48.88636672990577, 2.3608794783564426"
477,2001000,18,2007,8,"48.88548732969403, 2.364861709236031"
478,2001010,19,2007,5,"48.880735529926866, 2.372487995372072"
479,2002671,17,2007,1,"48.88864194026909, 2.299337325639592"
480,2001037,19,2008,7,"48.89056279984779, 2.382022282216825"
481,2001085,9,2008,15,"48.87970296002498, 2.337089010470757"
482,2001092,9,2008,13,"48.87771004964805, 2.3438969815898636"
483,2001113,18,2008,17,"48.88431531013894, 2.3525660933800103"
484,2001117,19,2008,1,"48.874236969612056, 2.3857840046142176"
485,2001133,16,2008,2,"48.84296981961222, 2.256029585046118"
486,2001141,13,2008,267,"48.82819711025083, 2.344028590366609"
487,2001166,1,2008,6,"48.86273355000698, 2.3484610525868064"
488,2001177,1,2008,9,"48.86150497960061, 2.3425014154419905"
489,2001178,2,2008,12,"48.86634904005106, 2.3469642843825516"
490,2001187,3,2008,11,"48.85623611968953, 2.3681286060290074"
491,2001190,3,2008,8,"48.85622194994364, 2.3673918202168687"
492,2001205,4,2008,11,"48.86082498988288, 2.3504731234367426"
493,2001223,12,2008,1,"48.83713539043529, 2.4089842243868613"
494,2001239,19,2008,5,"48.87555988987357, 2.398320965390934"
495,2001270,18,2008,15,"48.88963057970144, 2.360470265662171"
496,2001292,9,2009,13,"48.8830329500851, 2.334407188656851"
497,2001326,3,2009,13,"48.86750811955967, 2.3555979342230158"
498,2001341,20,2009,1,"48.86520055044507, 2.40701027839262"
499,2001352,19,2009,89,"48.896683269933646, 2.3837623874880087"
500,2001435,14,2009,11,"48.827862849691044, 2.315798580354368"
501,2001447,18,2009,14,"48.884162050187356, 2.3319819494283567"
502,2001449,11,2009,43,"48.869586689941286, 2.3794792695068954"
503,2001458,8,2009,11,"48.86681817000496, 2.303729618669533"
504,2001476,20,2009,4,"48.87143544969437, 2.395723439095583"
505,2001487,20,2009,1,"48.87224361040729, 2.3779084604226526"
506,2001489,20,2009,1,"48.872248919810616, 2.3818803712357344"
507,2001494,20,2009,1,"48.87235403011031, 2.380197594640302"
509,2001525,4,2009,5,"48.85853186982837, 2.350634368530731"
510,2001555,18,2009,49,"48.88719444000933, 2.3283676336576846"
511,2000587,11,2010,5,"48.85635781006743, 2.385961611610783"
512,2001585,14,2010,1,"48.831077459592784, 2.3128283255863904"
513,2001607,9,2010,12,"48.87581420030741, 2.3388045311215686"
514,2001610,20,2010,180,"48.876854399731606, 2.4111958371662077"
515,2001615,18,2010,6,"48.88807817956118, 2.3515210365476524"
516,2001646,12,2010,344,"48.84696044972025, 2.380042529143806"
517,2001666,16,2010,1,"48.85029399000001, 2.275695956552695"
518,2001673,13,2010,28,"48.82779315034515, 2.3737170265474745"
519,2001717,13,2010,71,"48.827386890391665, 2.378356262002095"
520,2001722,20,2010,222,"48.86596622027948, 2.3897517604429974"
521,2001741,10,2010,9,"48.87133190979832, 2.3682710832222886"
522,2001753,11,2010,18,"48.870543350153206, 2.3766518670789005"
523,2001762,20,2010,7,"48.86330162038151, 2.405496706585946"
524,2001778,20,2010,17,"48.87240860007087, 2.3803254524499526"
525,2001780,18,2010,2,"48.89309945011661, 2.350100216193509"
526,2001790,19,2010,11,"48.8758362603551, 2.400577653489617"
527,2001799,20,2010,5,"48.86940595043532, 2.4058652865664363"
528,2001807,15,2010,12,"48.84629794968772, 2.297992873026301"
529,2001831,19,2011,53,"48.88200334005489, 2.3705378464672457"
530,2001840,19,2011,106,"48.8823220997494, 2.3881105480638625"
531,2001859,12,2011,10,"48.83795195987749, 2.4045759313731963"
532,2001948,20,2011,1,"48.84890583963601, 2.412208854579459"
533,2001954,4,2011,26,"48.85513497033574, 2.3538136094888196"
534,2001968,5,2011,6,"48.8405551303272, 2.350412528571249"
535,2002025,15,2011,1,"48.842946370357026, 2.313847754549494"
536,2002039,2,2011,14,"48.86951467036686, 2.350632936610198"
537,2002056,19,2012,173,"48.885328180230246, 2.3835182194241207"
538,2002083,12,2012,9,"48.862163360228266, 2.3307352536266106"
539,2002092,15,2012,15,"48.84350594043284, 2.3051564615406286"
540,2002096,13,2012,1,"48.82982073977959, 2.3665180824057828"
541,2002132,18,2012,8,"48.89297921005875, 2.3598668473737017"
542,2002162,15,2012,111,"48.844802180253595, 2.2972952801311606"
543,2002198,11,2012,13,"48.86238198000825, 2.3734285121193177"
544,2002220,6,2012,2,"48.84605212963135, 2.3232381225602454"
545,2002224,10,2012,8,"48.87089728038685, 2.3559319904391507"
546,2002232,18,2012,13,"48.892610989701964, 2.3473943855493724"
547,2002250,14,2013,22,"48.825677549734266, 2.331714793548766"
548,2002260,15,2013,4,"48.84702988978054, 2.298745147389239"
549,2002294,11,2013,1,"48.866275830284096, 2.3796108012742576"
550,2002309,3,2013,1,"48.8635661899334, 2.364792617515057"
551,2002359,18,2013,33,"48.89520871977059, 2.352692368567835"
552,2002366,20,2013,7,"48.853515849683816, 2.410171878079968"
553,2002369,20,2013,21,"48.85377401028689, 2.411025422155804"
554,2002417,18,2013,36,"48.89420959035552, 2.340651804439576"
555,2002421,19,2013,15,"48.892676129724656, 2.3854353025757375"
556,2002434,18,2013,6,"48.88695794038142, 2.3359401555881"
557,2002438,19,2013,17,"48.89278270988895, 2.372999831588315"
558,2002757,20,2015,7,"48.87218525965953, 2.3964466729776923"
560,2002501,15,2014,10,"48.84369347027887, 2.2957211205730474"
561,2002507,18,2014,11,"48.88533978029158, 2.3346353443159793"
562,2002539,4,2014,25,"48.859290169684755, 2.3549363650950355"
563,2002551,13,2014,2,"48.82291987962622, 2.3564634712256747"
564,2002574,19,2014,1,"48.88204683974921, 2.390224130613025"
565,2002579,20,2014,3,"48.84805377009251, 2.412264749385343"
566,2002582,15,2014,35,"48.84065917990263, 2.296074590675043"
567,2002592,5,2014,15,"48.83999773985551, 2.338799751663893"
568,2002596,9,2014,19,"48.87471857001042, 2.3383746493810693"
569,2002613,17,2014,10,"48.885276160312216, 2.318628085558208"
570,2002632,20,2014,22,"48.8546522303487, 2.403058472503519"
571,2002644,19,2014,18,"48.88620991010967, 2.3669092254767707"
572,2002648,20,2014,13,"48.872087309797244, 2.3892376553176673"
573,2002673,11,2015,1,"48.85201792956939, 2.3770887615365237"
574,2002703,17,2015,4,"48.888133009941676, 2.3256204654426798"
576,2002770,10,2015,1,"48.875728180259024, 2.3677482632682145"
577,2002803,14,2015,9,"48.82608723985425, 2.3180543054753415"
578,2002850,20,2015,15,"48.874777159745584, 2.4044573173302908"
579,2002873,14,2015,79,"48.825769170311965, 2.314985009247219"
580,2002909,18,2016,4,"48.896736139753195, 2.342533611327543"
581,2002919,12,2016,36,"48.834901510254504, 2.393467045673488"
583,2002934,15,2016,16,"48.844312090444944, 2.2833454123403802"
585,2003000,18,2016,20,"48.88391503980879, 2.3389316131627127"
586,2003008,20,2016,24,"48.87314342020984, 2.383418001120437"
587,2003022,12,2016,3,"48.85118573997572, 2.375813738346646"
588,2003025,14,2016,1,"48.831059439757944, 2.3206166543273214"
589,2003029,18,2016,1,"48.8863096800755, 2.360876581108381"
590,2003064,15,2017,27,"48.838989989887445, 2.309279216420964"
591,2003066,18,2017,72,"48.89843408004693, 2.348548604108434"
592,2003072,11,2017,1,"48.85219939043811, 2.3900878713609477"
593,2003116,20,2017,1,"48.869401019628405, 2.3925632131751167"
594,2003125,9,2017,16,"48.87504463039694, 2.3390880745268356"
595,2003127,16,2017,25,"48.84086492976438, 2.268100265116817"
596,2003132,20,2017,8,"48.85011227965962, 2.403435988144155"
597,2003157,14,2017,109,"48.82010919961005, 2.338625316400414"
598,2003177,12,2017,1,"48.843052420350965, 2.4102061554350835"
599,2003218,6,2017,1,"48.85617366029387, 2.3365437863081064"
600,2003219,6,2017,2,"48.85582738003514, 2.3354968306062767"
601,2003242,9,2017,16,"48.87691846012398, 2.348314691190434"
602,2003250,15,2017,14,"48.84004613986092, 2.2899625413685167"
603,2003253,15,2017,132,"48.83848665023601, 2.3051860152913677"
604,2003255,15,2017,83,"48.832444000261404, 2.30203030062155"
605,2003275,9,2018,2,"48.876611660397735, 2.3431143146335827"
606,2003301,9,2018,1,"48.88166046967541, 2.347579023363948"
607,2003302,14,2018,1,"48.83080593008486, 2.3340030214577134"
608,2003304,19,2018,2,"48.89162436014486, 2.3826078822834416"
609,2003323,12,2018,57,"48.846109349775695, 2.3674712025141025"
610,2003332,18,2018,8,"48.887119219793036, 2.3531488232127673"
611,2003339,16,2018,25,"48.842728850342766, 2.2603316682643024"
612,2003347,10,2018,25,"48.870106530362776, 2.369830693149012"
613,2003353,10,2018,18,"48.87240325039208, 2.358571318344564"
614,2003388,18,2018,18,"48.892278100307415, 2.330667360226981"
615,2003398,12,2018,16,"48.84522659012557, 2.3827771713419437"
616,2003431,18,2018,80,"48.89226644966442, 2.3522400285513916"
617,2003473,13,2019,1,"48.82199657030079, 2.351034237455386"
618,2003487,1,2019,10,"48.86588521987245, 2.3403554551929324"
619,2003516,18,2019,46,"48.89079383973951, 2.3484229973384765"
620,2003521,14,2019,25,"48.83716963015654, 2.334884416181637"
621,2003571,17,2019,34,"48.89230654980103, 2.3247773971877366"
623,2003662,11,2019,28,"48.85938564973482, 2.382308907142976"
624,2003760,19,2019,1,"48.87812749027889, 2.3842024640029797"
625,2002559,16,2020,1,"48.8368468103528, 2.2600913693610165"
626,2003590,14,2020,1,"48.83361127977512, 2.31737377550205"
627,2003716,2,2020,4,"48.865801459618886, 2.3497173156383195"
628,2003725,5,2020,565,"48.84825849017403, 2.358574491280083"
629,2003800,18,2021,19,"48.88914398013418, 2.3273257853819462"
630,2003806,19,2021,6,"48.87697546959176, 2.4053443210827674"
631,2003813,8,2021,10,"48.875510209990274, 2.3180896475461927"
632,2003850,18,2021,75,"48.893874139882385, 2.3652680244059177"
633,CPE35,14,2021,48,"48.83254344968239, 2.337152133193372"
634,CPE37,20,2021,29,"48.85443013027703, 2.3977003000665653"
635,CPE44,18,2021,13,"48.885929530031994, 2.3372863305579417"
636,2004001,15,2022,8,"48.8329160498548, 2.2961676123791928"
637,2004035,16,2022,10,"48.83869802985935, 2.2623471174803913"
638,CPE71,11,2022,100,"48.85751560031628, 2.3772141065961785"
639,CPE74,15,2022,88,"48.8427967703884, 2.276397667445771"
640,2004066,16,2023,1,"48.83922433988753, 2.2644142510674614"
641,2004079,10,2023,23,"48.881442989897714, 2.3516878743677654"
643,2004120,14,2023,43,"48.825470679912605, 2.3299051724638256"
644,2004189,15,2023,1,"48.83626654986797, 2.3089797724083088"
645,2000039,11,2001,18,"48.86185875967185, 2.36762971011536"
646,2000065,12,2001,7,"48.845485840349674, 2.380294880536369"
647,2000083,15,2001,83,"48.84144296007872, 2.2779604065292434"
648,2000108,12,2002,19,"48.84878357974397, 2.3708475285613595"
649,2000112,19,2002,11,"48.885086139636975, 2.3811837513757887"
650,2000126,15,2002,71,"48.839545320219464, 2.302747904538964"
651,2000131,18,2002,42,"48.89177494018087, 2.3420643980897715"
652,2000145,9,2002,11,"48.874596669869895, 2.330596571164983"
653,2000150,2,2002,1,"48.868136630054565, 2.3517346776164314"
654,2000160,15,2002,55,"48.83620330987225, 2.311886189399795"
655,2000179,9,2002,18,"48.87974718974765, 2.334933797666983"
656,2000244,20,2003,30,"48.85424053002993, 2.400457692551963"
657,2000270,11,2003,39,"48.850575549735304, 2.393298918043063"
658,2000292,5,2003,23,"48.84505930022143, 2.342327498370829"
659,2000316,11,2004,13,"48.852040559753426, 2.392063266592426"
660,2000341,2,2004,22,"48.87066415990635, 2.3465365925657276"
661,2000352,4,2004,8,"48.85870453987061, 2.3489456295423206"
662,2000363,18,2004,3,"48.89564130998319, 2.3472956390122977"
663,2000392,18,2004,6,"48.896018160202, 2.3474103676539078"
665,2000407,13,2004,39,"48.82537895019053, 2.369747020475337"
666,2000480,11,2005,1,"48.86183315955355, 2.3847296142547263"
667,2000481,12,2005,1,"48.84721670998014, 2.3687305492324633"
668,2000492,20,2005,1,"48.87037822976593, 2.3920207956595396"
670,2000534,20,2005,8,"48.8688105903214, 2.3858609531152335"
671,2000538,18,2005,3,"48.8976106900225, 2.3472268470465267"
672,2000539,20,2005,29,"48.87067491998588, 2.3806944551125317"
673,2000541,18,2005,6,"48.889310089875536, 2.3551623772918346"
674,2000548,11,2005,5,"48.8676273095584, 2.37572073166672"
675,2000582,10,2005,9,"48.880887620075235, 2.3527984604532084"
677,2000601,10,2005,11,"48.87188156971454, 2.3583468203279105"
678,2000606,12,2006,210,"48.84846340972529, 2.388508849156785"
679,2000610,18,2006,10,"48.888774669593595, 2.3470359672559375"
680,2000668,20,2006,7,"48.873727709582845, 2.390158793557733"
681,2000677,20,2006,15,"48.872504050099494, 2.38223567108641"
682,2000689,18,2006,46,"48.89680353001205, 2.3587538434779733"
683,2000695,10,2006,15,"48.88346181990653, 2.364839189483253"
684,2000715,9,2006,28,"48.88084943042043, 2.335527953318175"
685,2000726,15,2006,21,"48.8407107001286, 2.3049143373649854"
686,2000731,4,2006,9,"48.86059520005813, 2.3542996033052948"
689,2000770,11,2007,1,"48.86291343042812, 2.377642297631127"
690,2000774,11,2007,12,"48.86683700960312, 2.3721908822329487"
691,2000805,10,2007,86,"48.87055396959664, 2.3592571075412154"
692,2000807,11,2007,6,"48.853162649841586, 2.3763392263516216"
693,2000837,19,2007,42,"48.87932860040378, 2.388015189113311"
694,2000851,18,2007,4,"48.892078180353664, 2.3519380541228943"
695,2000864,18,2007,1,"48.88948868970005, 2.355155760412871"
696,2000887,15,2007,1,"48.84402004006423, 2.2963191175710023"
697,2000928,9,2007,22,"48.87338327955444, 2.346801557465176"
698,2000940,13,2007,33,"48.82097069042645, 2.3434511163502108"
699,2000957,18,2007,3,"48.88919248996335, 2.3556313483303"
700,2002665,15,2007,3,"48.828871580331544, 2.2991386043454947"
701,2001034,13,2008,9,"48.83244862994556, 2.3460347804860073"
702,2001060,20,2008,31,"48.87205128978815, 2.390831524521897"
703,2001067,13,2008,33,"48.82074811006386, 2.352799545107363"
704,2001081,20,2008,10,"48.856698359698726, 2.401626746522236"
705,2001093,19,2008,13,"48.87733564012103, 2.3919268926592285"
706,2001100,18,2008,24,"48.884804329889455, 2.364972969318953"
707,2001101,18,2008,13,"48.887987489677776, 2.3608103876409077"
708,2001103,19,2008,46,"48.88635576956126, 2.3698021114163623"
709,2001127,17,2008,3,"48.887220020076704, 2.296934893208586"
710,2001196,4,2008,16,"48.85139004966324, 2.3560494154609133"
711,2001304,9,2009,11,"48.88211874027399, 2.341365969572751"
712,2001311,16,2009,12,"48.88214930992621, 2.3137672325236363"
713,2001336,16,2009,1,"48.849744040025996, 2.2756074780332747"
714,2001343,9,2009,18,"48.88257870985528, 2.3332769813832184"
715,2001362,14,2009,16,"48.827298350192514, 2.3285396574544324"
716,2001367,15,2009,7,"48.835564680326804, 2.293131689404595"
717,2001378,12,2009,1,"48.83358406972627, 2.405942002345478"
719,2001436,19,2009,4,"48.87736098004502, 2.3713733025874686"
720,2001456,18,2009,22,"48.890044970125366, 2.3534459816074156"
721,2001464,20,2009,36,"48.85641108011102, 2.3962492242840163"
722,2001501,20,2009,2,"48.87243138036096, 2.378584454493893"
723,2001506,20,2009,4,"48.87122561989131, 2.395475950353264"
724,2001570,12,2010,14,"48.83497790016054, 2.4042570796215443"
725,2001578,20,2010,14,"48.86821212021717, 2.3886108403315784"
726,2001621,5,2010,3,"48.84979350037848, 2.348448533342449"
727,2001624,17,2010,1,"48.8893485202739, 2.30057761534334"
728,2001626,20,2010,2,"48.84979223975668, 2.402783733573517"
729,2001657,20,2010,2,"48.85285205973657, 2.4113625244899235"
730,2001680,10,2010,90,"48.87163755036085, 2.3755700226183922"
731,2001684,15,2010,12,"48.835900649852015, 2.288389105640587"
732,2001686,9,2010,12,"48.87914728040935, 2.3480166605852446"
733,2001689,14,2010,98,"48.826883209969395, 2.320140541420769"
734,2001748,20,2010,32,"48.86085124015047, 2.4024610836290257"
735,2001773,20,2010,1,"48.84905234986406, 2.406179952981697"
736,2001812,10,2010,132,"48.884072140266724, 2.363380509643902"
737,2001815,13,2010,129,"48.8261199601302, 2.378965415438785"
738,2001835,15,2011,192,"48.84804639035296, 2.283269050479073"
740,2001864,4,2011,47,"48.852737089615644, 2.359736763073288"
741,2001986,6,2011,36,"48.84291823005882, 2.3274638780207346"
742,2001996,15,2011,12,"48.84085375005309, 2.2842113495849747"
743,2002015,18,2011,20,"48.89569587994712, 2.3481461543686595"
744,2002036,19,2011,3,"48.87657568999542, 2.3861716623494367"
745,2002040,20,2011,20,"48.86905756963409, 2.390915393337262"
746,2002042,11,2012,26,"48.85764800975252, 2.377112893231443"
747,2002045,20,2012,88,"48.87162084022133, 2.3971786346192205"
748,2002068,20,2012,6,"48.86956648014513, 2.404490472218852"
749,2002085,6,2012,11,"48.84718551985337, 2.3222211595830773"
750,2002104,4,2012,3,"48.85688942002954, 2.3600991154124276"
751,2002118,4,2012,1,"48.84840691012405, 2.365224624324769"
752,2002127,13,2012,2,"48.829579949840344, 2.3471927910209724"
753,2002133,10,2012,78,"48.87612549014446, 2.3679993592511135"
754,2002144,18,2012,50,"48.89937577015152, 2.336765893080661"
755,2002166,14,2012,12,"48.83370602979225, 2.3304785124975584"
756,2002209,14,2012,1,"48.83538408013143, 2.330996774631803"
757,2002211,17,2012,67,"48.89435702988826, 2.3114586911180584"
758,2002217,19,2012,8,"48.875869879635985, 2.3822308844365137"
759,2002221,19,2012,7,"48.88544398998419, 2.36624809563216"
760,2002248,18,2013,2,"48.88723896010343, 2.3557544110885185"
761,2002268,16,2013,1,"48.839676929633164, 2.25556616126989"
762,2002292,9,2013,6,"48.87200990963202, 2.3435454254134194"
763,2002313,8,2013,1,"48.87445408024338, 2.3184358984215927"
764,2002331,13,2013,38,"48.828325159938245, 2.372391614074339"
765,2002353,16,2013,1,"48.84318309007104, 2.2552087165102495"
766,2002420,18,2013,279,"48.89226328025633, 2.352221372124369"
767,2002445,12,2013,23,"48.83360144962547, 2.402081241456676"
768,2002475,13,2014,1,"48.83767139004636, 2.3720531035225907"
769,2002500,15,2014,3,"48.842777150154845, 2.2844844734681513"
770,2002508,19,2014,3,"48.88937364030682, 2.377105620456127"
771,2002520,20,2014,1,"48.86850030965131, 2.3989152750680325"
773,2002587,1,2014,2,"48.865710959691675, 2.3366769213798864"
774,2002624,19,2014,100,"48.88024354994394, 2.397416466391532"
776,2002689,10,2015,1,"48.87478145955968, 2.373575779635395"
777,2002705,18,2015,10,"48.895189420196964, 2.3473934221942376"
778,2002710,15,2015,18,"48.83323621979363, 2.2926304844465935"
781,2002776,11,2015,1,"48.853212789759084, 2.376111536323455"
782,2002786,15,2015,11,"48.840606240371514, 2.2964171895056444"
783,2002791,16,2015,1,"48.84977587957719, 2.269103600409269"
784,2002795,17,2015,14,"48.884784709799504, 2.293857537610459"
785,2002796,17,2015,19,"48.87931322993162, 2.2884885235714485"
786,2002808,4,2015,37,"48.85502513967655, 2.356785998657602"
787,2002819,11,2015,6,"48.85256267955268, 2.3819894451808947"
788,2002842,17,2015,1,"48.87735228027821, 2.2919461784384594"
789,2002859,8,2015,84,"48.88195037010793, 2.3258995340118584"
790,2002944,12,2016,48,"48.840807609942274, 2.3981381944978386"
791,2002997,15,2016,14,"48.84198539016811, 2.278624075290316"
792,2003012,9,2016,1,"48.88222054986204, 2.328134667638452"
793,2003030,18,2016,3,"48.888732409827696, 2.355517196329252"
794,2003040,4,2016,1,"48.856791869980825, 2.3602898173260867"
795,2003069,3,2017,13,"48.857172300149855, 2.367263940619862"
796,2003091,13,2017,6,"48.83795979999592, 2.3724129660698905"
797,2003111,14,2017,27,"48.83154295997729, 2.334882655623179"
798,2003114,12,2017,150,"48.84429403981948, 2.413300771626281"
799,2003131,2,2017,2,"48.867547580229555, 2.3504816573701035"
800,2003143,18,2017,12,"48.884205209860646, 2.353222193246048"
801,2003222,6,2017,6,"48.85510187966955, 2.335295747538115"
802,2003244,10,2017,16,"48.8739157300376, 2.362133863552233"
803,2003258,20,2017,501,"48.84816976979918, 2.405364346563038"
804,2003269,18,2018,17,"48.89093655015351, 2.3274995914944574"
805,2003272,3,2018,1,"48.86315622034132, 2.3614392483447224"
806,2003282,11,2018,2,"48.853773430049, 2.3818116503310525"
808,2003434,1,2018,1,"48.86142267002173, 2.3484538245859534"
809,2003479,18,2019,1,"48.887279810348545, 2.3608076151486594"
810,2003509,13,2019,34,"48.83998729957425, 2.365871319624829"
811,2003562,15,2019,95,"48.82909000965346, 2.304346312453298"
812,2003581,15,2019,1,"48.83742334025453, 2.2860588732937783"
813,2003582,12,2019,1,"48.848694890126104, 2.3744604671210507"
814,2003670,20,2019,176,"48.864687200039405, 2.40654538204193"
815,2003766,14,2019,2,"48.825254619755746, 2.325796050178585"
816,2003594,14,2020,22,"48.828888350115676, 2.3087143784924944"
817,2003618,17,2020,360,"48.89235856959209, 2.3173734493294122"
818,2003645,11,2020,120,"48.854514190269924, 2.3898770064292107"
819,2003723,14,2020,7,"48.827313090109634, 2.329987209323161"
820,2003728,15,2020,12,"48.84409201982977, 2.3166562433820492"
821,2003730,9,2020,21,"48.87450434034975, 2.3407192323684645"
822,2003741,18,2020,47,"48.893605450149956, 2.3492606933524476"
823,2003773,12,2021,2,"48.83516328973993, 2.403830024604047"
824,2003815,12,2021,76,"48.84473296005089, 2.395686132050308"
825,2003818,15,2021,23,"48.84104210976739, 2.3083615793837997"
826,2003855,15,2021,35,"48.84915643956593, 2.2801554561731665"
827,2003858,17,2021,1,"48.89406497974679, 2.3134541175066694"
828,CPE3,3,2021,8,"48.86255843044091, 2.3547566721176274"
830,CPE50,17,2021,169,"48.89254905003575, 2.3177354072493044"
831,CPE51,3,2021,5,"48.86258989977675, 2.351340084426204"
832,2003961,13,2022,89,"48.83010855038616, 2.37488714665738"
833,2003992,3,2022,10,"48.86788045956311, 2.3556279813756937"
834,2003997,15,2022,8,"48.84882792007803, 2.296597115248644"
835,2004016,20,2022,1,"48.84816735998555, 2.4120739844995343"
836,2004021,20,2022,14,"48.858665999705345, 2.3905383516317094"
837,2004027,18,2022,77,"48.89570384986016, 2.3635765671438866"
838,2004039,12,2022,12,"48.847405579620016, 2.4025974580730995"
841,2004103,14,2023,10,"48.83217269958844, 2.3355418060718"
842,2004104,16,2023,17,"48.838343079755276, 2.25932109851077"
843,2004139,18,2023,11,"48.89301524971108, 2.337789156610819"
844,2004142,20,2023,3,"48.874210790170864, 2.389342002632184"
845,2004149,13,2023,6,"48.82218040964917, 2.3564470315270376"
846,2004157,18,2023,1,"48.886836839638214, 2.3267136004610047"
848,2004172,19,2023,2,"48.88655853963383, 2.3773813935314294"
849,2004194,10,2024,8,"48.872815749708785, 2.354138143487065"
850,2004231,11,2024,12,"48.85750743998511, 2.3842180700458666"
851,2000012,10,2001,94,"48.88017170973908, 2.352827060602091"
852,2000015,8,2001,18,"48.87206827974714, 2.315964378503338"
853,2000066,20,2001,40,"48.87048858975698, 2.3802023685179554"
855,2000128,5,2002,16,"48.84092529978057, 2.338719584460179"
856,2000148,17,2002,31,"48.89277622970175, 2.3186838206063176"
857,2000152,14,2002,1,"48.83395376019527, 2.321902830309339"
858,2000165,20,2002,10,"48.87180758971142, 2.3818993780492996"
859,2000169,14,2002,20,"48.83354721969243, 2.318892759275523"
860,2000185,20,2002,8,"48.858924400214846, 2.408831132531131"
861,2000189,15,2002,46,"48.83740083004633, 2.2759111165091914"
862,2000204,11,2003,51,"48.86436229041177, 2.3800887915176427"
863,2000258,18,2003,33,"48.89388013977767, 2.330814101390561"
864,2000293,18,2003,31,"48.88547813971711, 2.361342312666529"
865,2000314,18,2004,23,"48.89380567965697, 2.3363141411351562"
866,2000331,14,2004,1,"48.83054311022568, 2.3214134773038047"
867,2000397,2,2004,5,"48.86508140043767, 2.350549403247236"
868,2000403,11,2004,29,"48.86954232974593, 2.375629943357381"
869,2000409,15,2004,5,"48.83227769026485, 2.3076673106549275"
870,2000439,20,2004,64,"48.8638621698241, 2.4031779093292984"
871,2000442,12,2004,64,"48.84517951990851, 2.3976227102678402"
872,2000444,18,2004,10,"48.890638039969744, 2.3618298966164764"
873,2000454,19,2005,10,"48.88780542986079, 2.3887459451328357"
874,2000458,12,2005,4,"48.84949213019341, 2.3810106495295202"
875,2000475,12,2005,40,"48.8421174199799, 2.4023299023655675"
876,2000536,18,2005,8,"48.88898177971304, 2.3546306964256636"
877,2000544,18,2005,27,"48.89076033018858, 2.3516246415309197"
878,2000551,18,2005,18,"48.89002845962077, 2.349819116510675"
879,2000563,10,2005,2,"48.87119300044307, 2.3743168545870286"
880,2000620,12,2006,13,"48.845739469793855, 2.403878240587275"
883,2000705,19,2006,132,"48.88969481967209, 2.3690996236227053"
884,2000718,17,2006,29,"48.88689789986868, 2.325086062066561"
886,2000760,11,2006,62,"48.86944187963088, 2.3777520041851212"
887,2000793,11,2007,8,"48.853609479702, 2.3728024493575512"
888,2000800,19,2007,46,"48.89328203984211, 2.3729549761666036"
889,2000818,18,2007,13,"48.88529588025161, 2.354537295615717"
890,2000819,14,2007,9,"48.831588020391, 2.309832011608804"
891,2000852,11,2007,17,"48.850506269737885, 2.3874191141809264"
892,2000891,17,2007,6,"48.88439299995443, 2.3251940331368837"
893,2000902,19,2007,98,"48.882716020227825, 2.3903819203532906"
894,2000913,4,2007,9,"48.85135276969367, 2.358022955564674"
895,2000958,14,2007,51,"48.82281292989935, 2.3282993660097318"
896,2000978,19,2007,8,"48.881314029599494, 2.393769654601411"
897,2001006,10,2007,11,"48.86936249033502, 2.356934546383771"
898,2001008,12,2007,7,"48.839817939954564, 2.4035551894902727"
899,2002663,15,2007,2,"48.832440930216244, 2.3020121876250386"
900,2001039,11,2008,36,"48.86460139032407, 2.3667262040424326"
901,2001114,13,2008,22,"48.83550868955115, 2.3588421436058606"
902,2001126,17,2008,6,"48.87822075999404, 2.2938809515767535"
903,2001152,11,2008,32,"48.85575294983055, 2.3788768205150914"
904,2001153,10,2008,1,"48.87814735015116, 2.3541387551999287"
905,2001172,1,2008,5,"48.86130598978361, 2.343624317600476"
906,2001195,4,2008,8,"48.858113149747986, 2.351603330343266"
907,2001233,17,2008,1,"48.886929699737124, 2.2965147725120563"
909,2001263,20,2008,20,"48.85688253981463, 2.4002316916776008"
910,2001264,18,2008,34,"48.8874014401741, 2.3522403944341232"
911,2001328,2,2009,18,"48.86887282997069, 2.347591859450117"
912,2001345,11,2009,18,"48.85274849980113, 2.3792915131386425"
913,2001359,10,2009,9,"48.873784190135915, 2.370646558063741"
915,2001415,20,2009,60,"48.86916883965341, 2.4056906713552526"
916,2001418,5,2009,25,"48.83811269028284, 2.353139674572241"
917,2001523,20,2009,14,"48.87504786025025, 2.3955674233514497"
918,2001530,13,2009,5,"48.828960170214536, 2.341649088226529"
919,2001542,10,2009,16,"48.88379348032134, 2.3682752025099303"
920,2001548,19,2009,13,"48.8981834899574, 2.385704390627026"
921,2001568,8,2010,11,"48.87786084991391, 2.320534643604122"
922,2001587,9,2010,1,"48.87497620043456, 2.3470585712779504"
924,2001648,11,2010,88,"48.856618109837044, 2.388054233554326"
925,2001698,16,2010,47,"48.84254847023537, 2.2646431379796264"
926,2001704,15,2010,4,"48.84300864973225, 2.295312444305912"
927,2001721,19,2010,93,"48.898455209556445, 2.3714593516100795"
928,2001724,19,2010,130,"48.88463339992933, 2.3970447726126416"
929,2001731,18,2010,6,"48.884188679918694, 2.336158049409421"
930,2001797,20,2010,1,"48.87143698032795, 2.380442656194523"
931,2001821,18,2010,13,"48.88679614001032, 2.351006187472281"
933,2001848,13,2011,1,"48.833874729936504, 2.3441232924762323"
934,2001896,17,2011,55,"48.88181670032128, 2.2818686153041683"
935,2001943,18,2011,12,"48.89286196977792, 2.359891350651926"
936,2001970,5,2011,6,"48.84039926010721, 2.3407586470953583"
937,2001998,17,2011,60,"48.862334440389674, 2.3400612234538247"
938,2002002,19,2011,30,"48.881470960338596, 2.372069690417004"
939,2002028,18,2011,19,"48.89379177977656, 2.3624671090441987"
940,2002030,12,2011,32,"48.8446745502085, 2.3781932894981113"
941,2002082,3,2012,9,"48.86077068034335, 2.364695319292537"
942,2002112,14,2012,2,"48.823547089779375, 2.3208585630341743"
943,2002126,15,2012,1,"48.8285925003629, 2.2989205535573363"
944,2002138,18,2012,64,"48.89615844985854, 2.3456161633990025"
945,2002146,20,2012,1,"48.87542401040605, 2.3583302154669066"
946,2002167,5,2012,12,"48.8473295097699, 2.3475660121938047"
947,2002182,16,2012,9,"48.86676438013334, 2.278163227173374"
948,2002188,13,2012,19,"48.82382059033328, 2.350023377127471"
949,2002189,15,2012,6,"48.84455717022052, 2.306101296488784"
950,2002194,11,2012,15,"48.86180573005953, 2.3876704734093703"
951,2002195,18,2012,8,"48.88568277955451, 2.332709324361514"
952,2002201,11,2012,17,"48.864889719809085, 2.3741551534322327"
953,2002203,10,2012,5,"48.86920880006278, 2.358021637160142"
954,2002222,10,2012,14,"48.87076320016573, 2.372619555603366"
955,2002229,7,2012,50,"48.84873960013201, 2.3209373511847837"
956,2002255,12,2013,1,"48.8378651798415, 2.408573500153316"
959,2002287,13,2013,85,"48.82195507990962, 2.3721204006025607"
961,2002382,13,2013,13,"48.81964506038668, 2.3451514695839215"
962,2002394,16,2013,2,"48.85664680987363, 2.2728446153900452"
963,2002396,17,2013,7,"48.892818769699765, 2.322002780108949"
964,2002493,11,2014,7,"48.857633790060206, 2.377313499361224"
966,2002516,18,2014,19,"48.895090589983994, 2.3479044865896945"
967,2002522,15,2014,12,"48.832526449558415, 2.2936810450929865"
968,2002526,13,2014,1,"48.827684980178006, 2.3691995485122272"
969,2002540,4,2014,15,"48.85225125003047, 2.363702107464795"
970,2002614,17,2014,197,"48.88583874998115, 2.2850077681998373"
971,2002680,20,2015,1,"48.87199059957192, 2.3862708765374614"
972,2002682,10,2015,1,"48.871967400071, 2.376479214516162"
973,2002685,10,2015,1,"48.87878280042422, 2.3625562402467373"
974,2002690,10,2015,1,"48.871601160431666, 2.35378396126156"
975,2002697,10,2015,1,"48.871699539800744, 2.3587628060654655"
976,2002734,16,2015,122,"48.840553010173856, 2.2678957975582623"
977,2002744,15,2015,49,"48.837744879973656, 2.297177828522869"
978,2002761,18,2015,10,"48.88431180038218, 2.3313708421847825"
979,2002762,17,2015,18,"48.88306374975312, 2.3217565472566477"
980,2002763,14,2015,35,"48.82380285035923, 2.3274945510361444"
981,2002799,19,2015,9,"48.877873340316484, 2.3966228693100864"
982,2002841,17,2015,19,"48.89343584999514, 2.3270674533908204"
983,2002845,18,2015,24,"48.88824657974736, 2.351845697474299"
984,2002854,20,2015,12,"48.8751711301914, 2.40426542549685"
985,2002884,15,2016,8,"48.82920084976167, 2.302238155546907"
986,2002933,14,2016,23,"48.83203941013533, 2.334490738377187"
987,2002942,11,2016,23,"48.86216095974068, 2.3841629563230304"
988,2002977,8,2016,3,"48.88231951982913, 2.325722518227076"
989,2002992,14,2016,11,"48.83510653990223, 2.3171167035125912"
990,2003015,11,2016,22,"48.85749331004021, 2.3846125930387077"
991,2003061,15,2017,2,"48.83873721000744, 2.289254652338674"
992,2003107,19,2017,66,"48.894673179868434, 2.3722865245185223"
993,2003077,7,2017,23,"48.850054340426055, 2.311459592549511"
994,2003138,10,2017,5,"48.87109630984163, 2.3569637786267577"
995,2003145,15,2017,22,"48.83583238957814, 2.3095312092958573"
996,2003166,18,2017,14,"48.887000900352135, 2.353016238673247"
997,2003190,19,2017,16,"48.89622456020072, 2.3715243081018307"
998,2003213,4,2017,1,"48.85580312956444, 2.355978453139559"
999,2003236,12,2017,422,"48.83749071996445, 2.4084529223605733"
1000,2003297,19,2018,36,"48.88783076990424, 2.386576749582193"
1001,2003311,10,2018,19,"48.88335720011687, 2.3638705974672205"
1002,2003320,11,2018,1,"48.87060789983877, 2.373239448564262"
1005,2003374,11,2018,6,"48.85599386984127, 2.3828277163906906"
1007,2003383,16,2018,15,"48.85562046040376, 2.2768151605121214"
1008,2003409,18,2018,40,"48.89525553970451, 2.3508927453765063"
1009,2003415,18,2018,33,"48.888307869971605, 2.3490419125609785"
1011,2003423,20,2018,1,"48.87653788959481, 2.4047749915327783"
1012,2003461,20,2018,14,"48.865102610338184, 2.3935268065755273"
1013,2003522,4,2019,13,"48.85489430982098, 2.366327497328428"
1014,2003567,15,2019,60,"48.849675669558174, 2.2880361172876085"
1015,2003583,11,2019,1,"48.865536620260826, 2.377169417335358"
1016,2003584,17,2019,1,"48.89410299980116, 2.322507441061249"
1017,2003703,10,2019,48,"48.87201996007273, 2.3656163870218245"
1018,2003704,20,2019,35,"48.85930255976442, 2.399545093392469"
1019,2003765,15,2019,2,"48.840793140420026, 2.283720451044544"
1020,2003588,10,2020,1,"48.879463899581786, 2.3633805134925754"
1022,2003677,15,2020,16,"48.846729720281374, 2.2876123572025753"
1023,2003696,16,2020,1,"48.84279569999067, 2.2560165180367435"
1024,2003697,17,2020,24,"48.88567753015651, 2.3247612824587587"
1025,2003711,17,2020,28,"48.88922371992432, 2.3240086750728595"
1026,2003729,9,2020,23,"48.875350530119455, 2.344513452392613"
1027,2003737,9,2020,8,"48.87661168034139, 2.343198262379248"
1028,2003779,2,2021,32,"48.86849754008099, 2.3521065092462674"
1030,2003804,18,2021,7,"48.89528029995873, 2.346350597655143"
1032,2003831,14,2021,17,"48.823122790173585, 2.3268957215521207"
1033,2003857,13,2021,2,"48.821265069569336, 2.355338541552494"
1034,2003951,11,2021,1,"48.86770677993383, 2.3763613085439017"
1035,2003968,4,2022,3,"48.85579063971841, 2.354895447376637"
1036,2004012,17,2022,37,"48.89705072983755, 2.3248001881683513"
1038,2004050,11,2022,1,"48.85237491044916, 2.3740395523822198"
1039,2004057,18,2022,65,"48.89525119957336, 2.362025502116791"
1040,CPE80,20,2022,20,"48.861612860419896, 2.4054317964044434"
1041,2004070,19,2023,115,"48.8909569200048, 2.368945119405129"
1042,2004183,17,2023,1,"48.88382755006515, 2.2868823543679877"
1043,2004186,18,2023,14,"48.89034828981518, 2.335340030149865"
1044,2004187,10,2023,10,"48.87114471002695, 2.3714494280614944"
1045,CPE103,20,2023,31,"48.8541455204437, 2.4025586155024214"
1046,CPE94,11,2023,81,"48.85498628014862, 2.3936444854566523"
1047,2004229,15,2024,42,"48.83480123036341, 2.295155122299543"
1048,CPE106,19,2024,45,"48.876467800391644, 2.3867320423637115"
1049,2000002,11,2001,13,"48.858033800056766, 2.3878313964794904"
1050,2000003,19,2001,224,"48.885684710123044, 2.3919161685185175"
1051,2000007,16,2001,310,"48.84698248957879, 2.25979905145772"
1052,2000017,13,2001,2,"48.824747170385486, 2.3652825355837583"
1053,2000046,12,2001,11,"48.846432680160945, 2.394202311358082"
1055,2000110,20,2002,35,"48.8567368401902, 2.4056446505735485"
1056,2000133,14,2002,45,"48.832593570155495, 2.3230514983187205"
1057,2000139,11,2002,37,"48.86528292037489, 2.3672352506344905"
1058,2000168,14,2002,4,"48.83422959974876, 2.318790094211753"
1059,2000186,18,2002,5,"48.88919407044081, 2.360572306943169"
1060,2000230,15,2003,68,"48.848253940314926, 2.289580114160072"
1061,2000243,10,2003,9,"48.8741282596961, 2.36364775768368"
1062,2000247,13,2003,25,"48.836861070287554, 2.371798230582399"
1063,2000281,20,2003,1,"48.875462980409715, 2.403506399371492"
1064,2000290,5,2003,7,"48.845587940240215, 2.3424711540732153"
1065,2000299,13,2004,48,"48.82867662006963, 2.376550238638754"
1066,2000300,19,2004,54,"48.88645247012795, 2.3932370804008087"
1067,2000321,14,2004,8,"48.83550470028517, 2.3256170693797067"
1068,2000326,10,2004,17,"48.869514349982516, 2.3545990870274416"
1069,2000339,15,2004,48,"48.840591890195284, 2.280435925470673"
1070,2000355,18,2004,13,"48.8874131999415, 2.33313138752021"
1071,2000358,19,2004,8,"48.88082127994199, 2.37573716227284"
1072,2000367,17,2004,55,"48.88539008984774, 2.3239623561592997"
1073,2000376,18,2004,10,"48.88651098007712, 2.3487120204603182"
1074,2000378,19,2004,22,"48.889934169698115, 2.3777142874520893"
1075,2000382,15,2004,55,"48.83873662979413, 2.3160467001872838"
1076,2000411,11,2004,19,"48.85270196989902, 2.3855253105009835"
1077,2000455,12,2005,12,"48.84975358031308, 2.379510810239984"
1078,2000465,18,2005,89,"48.88565153959553, 2.3499233763703486"
1079,2000471,12,2005,2,"48.84592075012946, 2.404470551323854"
1080,2000495,18,2005,2,"48.893115589867456, 2.349673258453049"
1081,2000506,11,2005,42,"48.86577056997075, 2.3836420095536743"
1082,2000607,18,2006,38,"48.88791802996082, 2.3544391271470704"
1083,2000632,6,2006,45,"48.851278609878825, 2.330647916327157"
1084,2000635,14,2006,13,"48.84143603988972, 2.3266315114874527"
1085,2000637,20,2006,48,"48.86350304010483, 2.399762539447578"
1086,2000665,12,2006,4,"48.84688895044385, 2.3691990281155526"
1087,2000670,20,2006,2,"48.873828789689796, 2.3899061352066564"
1088,2000684,11,2006,13,"48.86536974031977, 2.3836314246683314"
1089,2000685,18,2006,55,"48.89030624978123, 2.3554300543658173"
1090,2000686,18,2006,15,"48.887120230358526, 2.3542083864659618"
1091,2000714,12,2006,22,"48.835520210098295, 2.402171137259182"
1092,2000720,3,2006,18,"48.8628709003291, 2.3579410723548704"
1093,2000729,18,2006,13,"48.89314106986441, 2.349885833575006"
1095,2000755,15,2006,20,"48.83998094012259, 2.2906084793606665"
1096,2000756,19,2006,8,"48.895062880324495, 2.3744534003220674"
1097,2000783,11,2007,8,"48.86023465975691, 2.38685840836904"
1098,2000784,16,2007,20,"48.838911460231216, 2.2573693264718018"
1099,2000798,13,2007,11,"48.82625518996544, 2.3590468810575427"
1102,2000878,2,2007,38,"48.866061609891766, 2.3421930365870507"
1103,2000892,18,2007,10,"48.88838599999474, 2.361142148534456"
1104,2000896,3,2007,7,"48.86695961014883, 2.358095534182321"
1105,2000898,13,2007,65,"48.8277338998758, 2.3772131582501212"
1106,2000917,16,2007,135,"48.86784579986092, 2.270768015430309"
1107,2000922,14,2007,131,"48.822628269891844, 2.3291048866355895"
1108,2000959,9,2007,1,"48.88104493022673, 2.3364152286416573"
1109,2000960,15,2007,6,"48.83045967031789, 2.29250304225246"
1110,2000974,20,2007,8,"48.871550149975995, 2.3957510475660855"
1111,2000977,19,2007,7,"48.884906320143436, 2.381994216090067"
1112,2000979,6,2007,15,"48.8457755502417, 2.319419991424785"
1113,2002667,16,2007,5,"48.83689484972324, 2.262480269340507"
1114,2001042,20,2008,15,"48.855614710027524, 2.4002940659875995"
1115,2001044,13,2008,9,"48.87551850997166, 2.358365974157135"
1116,2001089,18,2008,12,"48.88879408977699, 2.356190697452004"
1117,2001123,20,2008,2,"48.86323450044629, 2.3892805941767077"
1118,2001138,17,2008,35,"48.89176212043689, 2.3183869784116995"
1119,2001142,18,2008,20,"48.88679251020288, 2.352608264565643"
1120,2001149,19,2008,67,"48.889142379808774, 2.385574999570153"
1121,2001155,17,2008,270,"48.886052009942304, 2.2872851844824917"
1122,2001169,1,2008,18,"48.86033344037314, 2.3489992471923578"
1123,2001192,3,2008,23,"48.86296875986305, 2.361563803576369"
1126,2001236,18,2008,4,"48.88408835004088, 2.35153228152848"
1127,2001255,12,2008,35,"48.84007251976083, 2.388209815263375"
1128,2002448,2,2008,8,"48.8684075104074, 2.34130784342586"
1129,2001291,13,2009,9,"48.82458203038758, 2.375299856588859"
1131,2001295,1,2009,7,"48.86205401958184, 2.3427240404318472"
1132,2001318,20,2009,62,"48.87374249989584, 2.387253526445106"
1133,2001334,15,2009,1,"48.84311090987458, 2.296377303518912"
1134,2001365,12,2009,21,"48.84383898019082, 2.4093116130693866"
1135,2001371,12,2009,21,"48.83997087037433, 2.4007134116192366"
1136,2001390,20,2009,2,"48.875367949909325, 2.3588946140838423"
1137,2001394,13,2009,25,"48.829134059818884, 2.3759207874692665"
1138,2001399,12,2009,210,"48.839872389680956, 2.387052468276727"
1139,2001408,15,2009,135,"48.84685407999653, 2.2901317512224773"
1140,2001420,20,2009,37,"48.865427759675704, 2.3893375164610466"
1141,2001470,17,2009,20,"48.890712699742345, 2.316802334436648"
1142,2001482,17,2009,150,"48.891251449806454, 2.3179453615608736"
1143,2001499,19,2009,2,"48.886434090265425, 2.366744068408633"
1144,2001536,18,2009,24,"48.897714280160315, 2.346559201451554"
1145,2001545,20,2009,1,"48.87194830971291, 2.385099526065188"
1146,2000900,20,2010,-8,"48.86398238985757, 2.3903089586380464"
1147,2001571,5,2010,11,"48.84109712992961, 2.350017408514437"
1148,2001577,19,2010,22,"48.88522667009755, 2.3828849176481244"
1149,2001596,15,2010,1,"48.84771299005048, 2.286577455331186"
1150,2001597,15,2010,1,"48.82802941964225, 2.2987412085076677"
1151,2001598,17,2010,1,"48.88385155963781, 2.2878882154752036"
1152,2001599,18,2010,1,"48.88904201998106, 2.3428718620943942"
1153,2001620,14,2010,5,"48.82715989012367, 2.3268216255423093"
1154,2001659,14,2010,2,"48.822998940405505, 2.3226092644541616"
1155,2001664,16,2010,3,"48.83750896984246, 2.263143422145565"
1156,2001691,11,2010,2,"48.8626201203529, 2.3754360630033866"
1157,2001693,12,2010,16,"48.835328650164314, 2.3988183520224373"
1158,2001711,11,2010,46,"48.858326010049524, 2.3767866015620416"
1159,2001720,3,2010,4,"48.86452732011836, 2.3544197590247733"
1160,2001726,20,2010,9,"48.8707187500326, 2.3894839206065503"
1161,2001770,16,2010,1,"48.839742539571155, 2.2552709176085637"
1162,2001824,13,2010,16,"48.826055610438985, 2.3592088130764304"
1163,2001843,11,2011,17,"48.854202350173196, 2.383541978494161"
1164,2001844,11,2011,20,"48.852368629993705, 2.372416362123047"
1165,2001857,15,2011,8,"48.8314683004332, 2.3068804175392947"
1166,2001898,15,2011,15,"48.84349813993816, 2.31472386130453"
1167,2001908,20,2011,18,"48.8753133203276, 2.405666780498477"
1168,2001919,15,2011,25,"48.844885889969305, 2.287111701563042"
1169,2001946,20,2011,1,"48.872658790063, 2.3857325524082245"
1170,2001953,4,2011,22,"48.85252151031205, 2.360387746597279"
1171,2001975,13,2011,56,"48.83785624987128, 2.343515627597171"
1172,2002034,18,2011,13,"48.888389539790374, 2.3504258753608944"
1173,2002049,14,2012,51,"48.83645385960149, 2.3319462813568665"
1175,2002129,17,2012,3,"48.8883393098929, 2.299419652358274"
1176,2002142,20,2012,2,"48.86942174005911, 2.4010160870396318"
1177,2002160,13,2012,20,"48.82579731955718, 2.351912411514655"
1178,2002202,11,2012,22,"48.85544522041043, 2.36972853645209"
1179,2002207,14,2012,1,"48.83496589043408, 2.3162726651059455"
1180,2002208,20,2012,1,"48.86340912962198, 2.4104782574880543"
1181,2002253,1,2013,12,"48.86575024987685, 2.3304652173750866"
1182,2002311,6,2013,1,"48.84284865018028, 2.3295532764103273"
1183,2002317,10,2013,30,"48.87983164978149, 2.3633893275773983"
1185,2002335,14,2013,48,"48.83923950035726, 2.336376418336115"
1186,2002342,15,2013,2,"48.83408335026495, 2.301610000248517"
1187,2002344,15,2013,26,"48.84312479007744, 2.2831913741692405"
1188,2002354,16,2013,2,"48.83742970039167, 2.2633456080785983"
1189,2002378,10,2013,12,"48.88235777998711, 2.358872407618976"
1190,2002427,11,2013,78,"48.84990241003236, 2.390995243961999"
1191,2002429,14,2013,27,"48.83491097995424, 2.3200720940551394"
1192,2002441,20,2013,12,"48.87023563975962, 2.404917749571973"
1193,2002472,17,2014,69,"48.89318847004666, 2.3022621783180846"
1194,2002488,8,2014,23,"48.87536456974459, 2.3046267190458156"
1196,2002519,19,2014,1,"48.88386827957147, 2.3844420913542774"
1197,2002545,9,2014,1,"48.88094098039984, 2.3370108830970344"
1198,2002565,17,2014,3,"48.888932969873466, 2.300307029372517"
1199,2002707,19,2015,6,"48.8916137097644, 2.3730452105512767"
1200,2002738,20,2015,17,"48.864223400374854, 2.3980581721704692"
1201,2002742,19,2015,6,"48.88833158015048, 2.36776280753312"
1202,2002745,17,2015,29,"48.88871445043596, 2.323181445382098"
1203,2002792,17,2015,1019,"48.88901417021864, 2.30096463518962"
1204,2002811,5,2015,24,"48.84155203015916, 2.3493474354235344"
1207,2002939,10,2016,8,"48.87132120963751, 2.354272720414427"
1208,2002963,19,2016,595,"48.880337159961506, 2.3985506704429045"
1209,2002982,10,2016,61,"48.8698505104108, 2.3659967282071133"
1210,2002993,14,2016,20,"48.839216169574996, 2.3334550273711963"
1211,2003004,8,2016,18,"48.87729730029932, 2.326826206584146"
1212,2003020,12,2016,15,"48.83904572024624, 2.3923454555633765"
1213,2003032,18,2016,1,"48.88701875000076, 2.352480672100585"
1214,2003041,4,2016,2,"48.85346268015788, 2.3581030583433686"
1215,2003087,20,2017,16,"48.854008290374345, 2.4065819929637016"
1216,2003108,12,2017,24,"48.84990683992115, 2.3756953315986866"
1217,2003152,14,2017,1,"48.82266122028781, 2.327102417574195"
1218,2003154,17,2017,13,"48.88921695014742, 2.305086034062198"
1219,2003168,19,2017,1,"48.87658084975444, 2.3726085431616726"
1220,2003197,15,2017,1,"48.840922560262925, 2.314884125616507"
1221,2003221,6,2017,1,"48.85517404036924, 2.3347285571562213"
1222,2003241,18,2017,15,"48.8904436300284, 2.3461962012362045"
1223,2003251,15,2017,760,"48.8414485304041, 2.298322195008251"
1224,2003252,15,2017,1,"48.83700191040818, 2.296813913464673"
1225,2003322,12,2018,1,"48.851273600384026, 2.3757642401416463"
1226,2003329,18,2018,1,"48.89415447966496, 2.3472933126558835"
1227,2003346,18,2018,23,"48.887281289647525, 2.360971872271859"
1230,2003416,18,2018,12,"48.89543921011686, 2.3437093735546335"
1231,2003480,12,2019,94,"48.842662509580556, 2.3971889126021364"
1234,2003515,20,2019,25,"48.87500096017362, 2.411749536278156"
1235,2003529,10,2019,11,"48.87227159013964, 2.3537257862166374"
1236,2003537,15,2019,1,"48.83747142974853, 2.3057645513970146"
1237,2003545,17,2019,40,"48.880794450078064, 2.2835448684519295"
1238,2003547,20,2019,8,"48.8702127104053, 2.404275947409371"
1239,2003550,9,2019,24,"48.87977881005244, 2.338612293017436"
1240,2003555,14,2019,17,"48.823331239863116, 2.3413994223886796"
1241,2003564,18,2019,34,"48.895540789578824, 2.3585854964491975"
1242,2003665,18,2019,9,"48.89558719003712, 2.3384625753372736"
1243,2003672,20,2019,227,"48.869436099644304, 2.396624912336124"
1244,2003702,20,2019,22,"48.851813780171, 2.408151551553863"
1245,2003757,13,2019,1,"48.837121040026524, 2.3558054482837565"
1246,2003622,17,2020,1,"48.89340071026856, 2.3183431695656207"
1247,2003625,1,2020,1,"48.86644889993401, 2.337936015033409"
1250,2003679,12,2020,17,"48.84937528015238, 2.3705867666654057"
1251,2003734,20,2020,3,"48.86563133988833, 2.3847738921952217"
1252,2003751,13,2020,5,"48.826101290218624, 2.3784973292786495"
1253,2003772,10,2021,1,"48.87108151019083, 2.370058976240058"
1254,2003778,20,2021,2,"48.85609288979125, 2.3951238736047"
1255,2003780,4,2021,1,"48.86085786961917, 2.3511822986126827"
1257,2003807,19,2021,5,"48.88637300022349, 2.391902527437809"
1258,2003954,4,2021,26,"48.855924089586296, 2.360272380537274"
1259,CPE25,20,2021,21,"48.871291900181085, 2.3956661944422506"
1260,CPE36,12,2021,38,"48.84214151004817, 2.3897147163593444"
1261,2003962,13,2022,6,"48.822507189583455, 2.366404050527007"
1262,2003987,2,2022,40,"48.86620359025353, 2.342566543253593"
1263,2003996,20,2022,9,"48.8529849597756, 2.4082202504485357"
1265,2004080,20,2023,4,"48.87526992003405, 2.4125336506744013"
1266,2004082,20,2023,3,"48.862992229592386, 2.406759666614052"
1267,2004084,17,2023,5,"48.889915440172054, 2.304459669593789"
1268,2004092,19,2023,31,"48.88141814002494, 2.370728363329131"
1269,2004132,20,2023,2,"48.86358623034884, 2.4111285691919617"
1270,2004137,15,2023,19,"48.846661889698325, 2.2956884583876955"
1271,2004169,10,2023,11,"48.87439286029325, 2.356002460005729"
1272,2004171,13,2023,2,"48.82441720014367, 2.375223074343555"
1273,2004176,11,2023,23,"48.85727089999687, 2.3848300880942848"
1274,CPE90,15,2023,29,"48.82897987022724, 2.301635594371574"
1276,2004201,15,2024,56,"48.82819092959294, 2.3015112659831636"
1277,2004250,20,2024,142,"48.86565153967877, 2.404684982453456"
1278,2004254,12,2024,19,"48.841020059664615, 2.405763249262014"
1279,2004255,12,2024,16,"48.835254030099186, 2.4052781913618664"
1280,2000009,18,2001,21,"48.89417378024506, 2.3591499353866427"
1281,2000063,15,2001,17,"48.84147289968994, 2.2786887362400323"
1282,2000118,16,2002,27,"48.854952760038316, 2.269442529234623"
1283,2000127,9,2002,12,"48.873657849941914, 2.3426028194318906"
1284,2000132,18,2002,32,"48.8910102102424, 2.3454955354838933"
1285,2000203,20,2003,11,"48.86175791024579, 2.4022432406056082"
1286,2000205,14,2003,28,"48.836844550220256, 2.3197622201099666"
1287,2000210,5,2003,6,"48.846303769935254, 2.3432100201433608"
1288,2000215,13,2003,15,"48.850799779680926, 2.3499089665541333"
1289,2000234,17,2003,33,"48.89240734023671, 2.303778568365931"
1290,2000237,19,2003,6,"48.87771203975173, 2.4016876005242347"
1291,2000254,20,2003,26,"48.85467452032919, 2.4032899179755245"
1292,2000256,19,2003,7,"48.87879002043535, 2.3924742125689527"
1293,2000268,12,2003,68,"48.848347179965664, 2.3892834312126627"
1294,2000280,19,2003,1,"48.878744029998174, 2.396147036018739"
1295,2000289,5,2003,17,"48.85288678958509, 2.3459052383261314"
1296,2000309,18,2004,22,"48.89723891958698, 2.3587192925732436"
1297,2000347,11,2004,2,"48.855903310056945, 2.378466117142549"
1298,2000351,14,2004,16,"48.82412434042844, 2.327181251592068"
1300,2000368,20,2004,3,"48.85503140963004, 2.4033563164706155"
1301,2000391,20,2004,44,"48.85454129005378, 2.3985709323850686"
1302,2000419,7,2004,9,"48.854948890387455, 2.3201784070293012"
1303,2000517,18,2005,71,"48.89702648044135, 2.3529189803985466"
1304,2000519,12,2005,21,"48.84960080999819, 2.384412439595742"
1306,2000572,20,2005,47,"48.85457922960733, 2.4031827454555486"
1307,2000598,9,2005,43,"48.88247513026669, 2.3347033764645877"
1308,2000649,5,2006,8,"48.852880959893966, 2.3455379593638432"
1309,2000659,18,2006,3,"48.88996645991509, 2.363962503348888"
1310,2000662,20,2006,8,"48.873030999789584, 2.3821345043426616"
1311,2000674,13,2006,27,"48.836964970386106, 2.3716578294691817"
1312,2000693,2,2006,3,"48.86868113983595, 2.345134960602459"
1313,2000702,18,2006,42,"48.890417320326996, 2.35433226949675"
1314,2000708,5,2006,17,"48.842745470185136, 2.344311247551862"
1315,2000716,12,2006,1,"48.845962640186414, 2.40455147710282"
1316,2000758,19,2006,4,"48.875831350057446, 2.400798435336979"
1317,2000786,18,2007,3,"48.89299468016974, 2.351553295404815"
1318,2000857,20,2007,17,"48.89927481029597, 2.381329369541394"
1319,2000873,16,2007,31,"48.86094787966298, 2.2763327023677276"
1320,2000924,13,2007,60,"48.82118124965461, 2.346231805548232"
1321,2000927,15,2007,11,"48.83842880957657, 2.288504065473066"
1322,2000935,18,2007,35,"48.8876538800896, 2.327166437422614"
1323,2000962,11,2007,1,"48.86959158003681, 2.3762891896556577"
1324,2000963,11,2007,28,"48.84999735973975, 2.3936399315945263"
1325,2001003,11,2007,9,"48.86862819982856, 2.379195650334742"
1326,2001048,10,2008,5,"48.87436935012517, 2.3717762563511258"
1327,2001082,18,2008,3,"48.88785783986182, 2.3373452624545954"
1328,2001094,15,2008,20,"48.84687181973224, 2.3058749846470397"
1329,2001099,19,2008,3,"48.89039465993682, 2.3827751515743434"
1330,2001108,14,2008,12,"48.83274881995059, 2.3166207425954766"
1332,2001131,15,2008,6,"48.842090000002955, 2.2957383654995622"
1333,2001132,16,2008,1,"48.850595720078225, 2.278154389536544"
1334,2001134,16,2008,4,"48.83684355005608, 2.2600736223239246"
1335,2001135,16,2008,4,"48.85015434980192, 2.276012240412879"
1336,2001151,12,2008,17,"48.850474859863354, 2.373979683633567"
1337,2001214,16,2008,5,"48.83691647964951, 2.2623328044845974"
1338,2001238,19,2008,3,"48.879139929758594, 2.388029555086693"
1339,2001256,10,2008,26,"48.872581539913355, 2.355308168481283"
1340,2001278,20,2008,2,"48.863231639849616, 2.4056418994501745"
1341,2001281,18,2008,5,"48.8890591901509, 2.3527812550888934"
1342,2001309,20,2009,9,"48.86361018969131, 2.3870818833189897"
1343,2001315,19,2009,11,"48.88848547030962, 2.3819201774339103"
1344,2001400,14,2009,7,"48.83474898013776, 2.3276306939962037"
1345,2001402,18,2009,10,"48.892377830397955, 2.3330287113265777"
1346,2001403,17,2009,23,"48.8856697297566, 2.323542689297094"
1348,2001463,13,2009,30,"48.83197473039649, 2.354148462599809"
1349,2001486,20,2009,1,"48.872716859568925, 2.379629491417388"
1351,2001539,18,2009,9,"48.88568714005142, 2.3648511636300724"
1352,2001540,10,2009,16,"48.87202968975264, 2.3663727683830067"
1353,2001551,15,2009,1,"48.83637751984348, 2.282732221560973"
1356,2001556,17,2010,4,"48.8934927997031, 2.321838868520993"
1357,2001563,12,2010,159,"48.84765730029713, 2.3997115686495283"
1358,2001595,15,2010,2,"48.846850610224905, 2.2900624814018027"
1359,2001605,18,2010,3,"48.88816568957948, 2.359689970450246"
1360,2001609,15,2010,15,"48.83865454997912, 2.3128318294309347"
1361,2001719,18,2010,16,"48.89505249991323, 2.33674341251576"
1362,2001632,1,2010,4,"48.86064725003837, 2.3456424015973543"
1363,2001641,20,2010,90,"48.854946649586495, 2.395952919419595"
1364,2001656,12,2010,1,"48.83311300015857, 2.4002863913644554"
1365,2001703,13,2010,4,"48.826382919971486, 2.3441403333945297"
1366,2001709,12,2010,6,"48.84619654034858, 2.386289808459763"
1368,2001832,13,2011,65,"48.83396155014951, 2.344934905620592"
1369,2001836,11,2011,11,"48.850490329928824, 2.387203330311575"
1370,2001872,18,2011,18,"48.89013883989671, 2.3414408623237484"
1371,2001880,2,2011,12,"48.86977392988019, 2.350438070227635"
1373,2001920,15,2011,24,"48.84479064043413, 2.287090225360559"
1374,2001931,15,2011,37,"48.8436177899586, 2.2793127085678617"
1375,2001942,18,2011,11,"48.89595662969026, 2.3286052174873655"
1376,2001957,4,2011,5,"48.85256978967677, 2.3604505525802053"
1377,2001967,5,2011,8,"48.84677556980945, 2.348858711340254"
1378,2002006,13,2011,87,"48.83850752969986, 2.3722346880636342"
1379,2002027,15,2011,26,"48.83879136975791, 2.2885516914843653"
1380,2002044,10,2012,66,"48.883521030067925, 2.3683706892279304"
1381,2002061,11,2012,44,"48.864003070376455, 2.3752916073406"
1382,2002076,5,2012,1,"48.84116427997695, 2.345543519020679"
1383,2002088,20,2012,11,"48.86739105012111, 2.4044872456646726"
1384,2002098,14,2012,14,"48.82499138039578, 2.330521148563326"
1385,2002105,15,2012,15,"48.837322400034964, 2.278440631492071"
1386,2002121,15,2012,2,"48.84121796965032, 2.296553886376863"
1387,2002124,4,2012,3,"48.855584459933326, 2.368288634508927"
1388,2002157,13,2012,21,"48.820927279678834, 2.371358057675928"
1390,2002192,15,2012,29,"48.842674500426995, 2.286694020490671"
1391,2002199,20,2012,4,"48.87473690977704, 2.3943935724067744"
1392,2002228,19,2012,13,"48.89350163987294, 2.3758795891068996"
1393,2002245,18,2013,55,"48.895559440032734, 2.3329423126592235"
1396,2002337,14,2013,75,"48.83642311969021, 2.3341509671648097"
1398,2002343,15,2013,14,"48.842873360272776, 2.2832186215868653"
1399,2002371,3,2013,1,"48.867433540081635, 2.358003157372093"
1400,2002381,12,2013,368,"48.84554479958956, 2.4127190721311598"
1401,2002398,17,2013,14,"48.886942819859584, 2.324368852333593"
1402,2002418,13,2013,181,"48.83850489027731, 2.3722162204351473"
1403,2002424,10,2013,11,"48.87149495045025, 2.3508255773247777"
1404,2002442,20,2013,120,"48.870113580221705, 2.3907301951419404"
1405,2002444,16,2013,5,"48.84137418987965, 2.265895057280868"
1407,2002487,6,2014,16,"48.85539411974833, 2.3386634570128795"
1410,2002619,18,2014,30,"48.89003087027808, 2.345417508653308"
1412,2002678,20,2015,3,"48.86660184955561, 2.394003356342169"
1415,2002730,15,2015,13,"48.84283552981119, 2.3018587065167555"
1416,2002733,16,2015,291,"48.83943776994695, 2.2549148563539303"
1417,2002736,20,2015,3,"48.849198880044526, 2.4054583936586384"
1418,2002751,20,2015,45,"48.869058720376465, 2.3915393129836033"
1419,2002779,12,2015,22,"48.84730326043118, 2.3850598184730165"
1421,2002809,4,2015,12,"48.85486897987124, 2.355302873279434"
1422,2002813,9,2015,2,"48.87252572016681, 2.3446383156766295"
1423,2002814,10,2015,57,"48.880507629566004, 2.367356768158683"
1424,2002824,13,2015,42,"48.82660452045191, 2.3691082825015735"
1425,2002830,14,2015,10,"48.83333774001237, 2.315546700425988"
1426,2002837,17,2015,9,"48.8913270699311, 2.318652021123052"
1427,2002971,17,2016,250,"48.896806509945144, 2.3128607622255704"
1428,2002990,13,2016,386,"48.824906090026694, 2.3481372236473614"
1429,2003048,14,2016,34,"48.84079251991627, 2.332627424592972"
1430,2003081,10,2017,17,"48.876349149882586, 2.352503183318441"
1431,2003097,4,2017,80,"48.84998237019905, 2.3632764513264877"
1432,2003104,14,2017,9,"48.829458989680624, 2.3279911872275645"
1433,2003106,17,2017,28,"48.88098595997994, 2.283262454487103"
1435,2003134,11,2017,18,"48.863082030406076, 2.3759685795036294"
1437,2003156,11,2017,1,"48.85661449980793, 2.3793950280371376"
1438,2003170,6,2017,13,"48.84423910967787, 2.3301323352822916"
1439,2003196,19,2017,1,"48.88688530980874, 2.385231123142554"
1440,2003224,6,2017,1,"48.85524175033412, 2.334893952589879"
1441,2003249,15,2017,380,"48.83149072997925, 2.305974692562012"
1442,2003274,6,2018,5,"48.854917019716474, 2.333846640487338"
1443,2003283,12,2018,1,"48.84935630015068, 2.377518975324024"
1445,2003334,18,2018,2,"48.89707906970538, 2.3448462544080275"
1446,2003399,13,2018,22,"48.82595235981768, 2.3462156604817923"
1447,2003410,18,2018,14,"48.88935595973697, 2.358158377342037"
1448,2003435,4,2018,1,"48.856303010247416, 2.350395478408966"
1449,2003476,11,2019,1,"48.86264339979978, 2.3789412304605166"
1450,2003488,17,2019,1,"48.89380528991967, 2.317757392430375"
1453,2003596,18,2020,5,"48.8958457804146, 2.3292942474988787"
1454,2003616,15,2020,80,"48.83100184032187, 2.3059191213698655"
1455,2003732,16,2020,16,"48.86879862956855, 2.286577739332656"
1456,2003843,19,2021,5,"48.88749858981898, 2.3732797763243916"
1457,2003853,15,2021,12,"48.83985129030421, 2.2936567742830363"
1458,2003952,18,2021,76,"48.89103308039677, 2.3530071321218395"
1459,CPE23,10,2021,32,"48.873362339685215, 2.354653645404587"
1460,CPE39,20,2021,48,"48.85020452986194, 2.4041164045594665"
1461,2003998,10,2022,31,"48.880675540419894, 2.365773381428094"
1464,CPE79,20,2022,52,"48.855230890279685, 2.4021910031501696"
1465,2004113,4,2023,38,"48.856841900114965, 2.350387587589516"
1466,2004123,8,2023,10,"48.88158239016276, 2.3224697695045786"
1467,2004127,11,2023,14,"48.8599739901933, 2.380601311116814"
1468,2004150,18,2023,155,"48.89875981033355, 2.3635069351539366"
1469,2004170,3,2023,16,"48.857077930250725, 2.3664474974548004"
1471,CPE85,10,2023,12,"48.87295025039717, 2.3723619751262155"
1472,CPE99,20,2023,16,"48.87253423999349, 2.3884362632055405"
1474,2004237,9,2024,14,"48.876617669764194, 2.345038130089331"
1475,2004239,5,2024,24,"48.8478693303428, 2.3470629026432532"
1477,2000004,3,2001,27,"48.86768209011518, 2.3571193024536106"
1478,2000022,15,2001,35,"48.83905411015439, 2.3060062930974743"
1479,2000060,3,2001,11,"48.86518380985198, 2.352176157275691"
1481,2000089,19,2002,40,"48.87922422044564, 2.3734572361498127"
1482,2000187,3,2002,27,"48.86383018965683, 2.3529072376512223"
1483,2000198,20,2003,50,"48.85690688023265, 2.3942815093275653"
1484,2000212,5,2003,5,"48.842058090061684, 2.3478587693836483"
1485,2000214,8,2003,22,"48.87662185036552, 2.3152776663682886"
1486,2000219,18,2003,19,"48.88555792976806, 2.3607834752680072"
1487,2000264,1,2003,17,"48.863077809685976, 2.3481561301679545"
1488,2000287,5,2003,19,"48.847102079724884, 2.3481444556350386"
1489,2000294,18,2003,12,"48.89011828990337, 2.358192365625457"
1490,2000320,6,2004,63,"48.85584202013196, 2.3340912070805775"
1491,2000328,10,2004,67,"48.88212244040069, 2.3613637063910624"
1492,2000343,19,2004,8,"48.87736400010601, 2.406233445528714"
1493,2000377,10,2004,2,"48.88301791028926, 2.3510740825950367"
1494,2000415,13,2004,15,"48.82136722963405, 2.3726653022473783"
1495,2000424,15,2004,4,"48.84417236030445, 2.319217757488754"
1496,2000443,12,2004,16,"48.84518196971586, 2.3976416360853245"
1497,2000472,12,2005,10,"48.845980019613805, 2.404393988257163"
1498,2000483,4,2005,1,"48.86137549987438, 2.350714336325656"
1499,2000509,20,2005,10,"48.869735370304035, 2.388892661519789"
1500,2000522,12,2005,42,"48.84099134980729, 2.3738827803371287"
1501,2000523,1,2005,2,"48.861435360355465, 2.3440442681810207"
1502,2000542,13,2005,11,"48.83792700955423, 2.3729956146517037"
1503,2000546,13,2005,64,"48.828802130205595, 2.3815504201841757"
1504,2000557,20,2005,20,"48.87129401024991, 2.3799317242267035"
1505,2000570,14,2005,20,"48.8398060700702, 2.3237846532199873"
1506,2000578,18,2005,13,"48.89000225981773, 2.3378514941685555"
1507,2000595,15,2005,156,"48.84368339017265, 2.2772106734412128"
1508,2000612,13,2006,4,"48.82703976958193, 2.358397334499702"
1509,2000661,20,2006,9,"48.86429691041057, 2.404185499396741"
1510,2000666,14,2006,3,"48.831056500281406, 2.3205983905655843"
1511,2000672,19,2006,44,"48.88858112013525, 2.3732337451234486"
1512,2000769,15,2007,13,"48.84529129970485, 2.319095647504645"
1513,2000773,17,2007,31,"48.89250717984804, 2.327089468356926"
1514,2000796,20,2007,1,"48.869087569722346, 2.3984865585335453"
1515,2000797,18,2007,5,"48.88466708987369, 2.3484526693803"
1516,2000863,18,2007,1,"48.889307219671544, 2.355143588486486"
1517,2000865,18,2007,1,"48.886090009956916, 2.339708837066736"
1518,2000877,15,2007,6,"48.841960239918045, 2.2802273095207912"
1519,2000886,15,2007,2,"48.84167198000151, 2.2797696034562387"
1521,2002659,13,2007,1,"48.826271679937406, 2.358114213490083"
1522,2001045,18,2008,9,"48.88542249020497, 2.3558563585066348"
1523,2001064,2,2008,20,"48.871190269976665, 2.3438599773459674"
1525,2001105,19,2008,6,"48.88719182018195, 2.3733766384970516"
1526,2001164,1,2008,16,"48.86029052994441, 2.3417524913853187"
1527,2001176,1,2008,5,"48.85822042976548, 2.3457240875886756"
1528,2001191,3,2008,43,"48.8585404497375, 2.361696055331796"
1529,2001209,10,2008,6,"48.87125356027197, 2.355030321184634"
1530,2001232,15,2008,2,"48.83023349955619, 2.2925026475419408"
1531,2001235,18,2008,3,"48.89305704038726, 2.351220127529641"
1532,2001259,15,2008,211,"48.83372590996306, 2.3102282884179983"
1533,2001265,11,2008,20,"48.85410969976332, 2.381787941570584"
1534,2001266,20,2008,5,"48.86787888984924, 2.3995651356279972"
1535,2001275,20,2008,7,"48.871224330131064, 2.3796829166457005"
1537,2001284,18,2008,13,"48.884607189828714, 2.35240062342936"
1538,2001288,17,2009,18,"48.886187330410834, 2.3125910560154628"
1539,2001310,13,2009,31,"48.83171563985219, 2.346358307334489"
1540,2001321,20,2009,11,"48.85340151992758, 2.406054765174855"
1541,2001347,8,2009,11,"48.87339276969874, 2.3239574535463685"
1542,2001350,3,2009,13,"48.86095982959877, 2.362822126300702"
1543,2001360,3,2009,3,"48.859175300321425, 2.366751485336214"
1544,2001380,11,2009,66,"48.85239763998863, 2.393186367278508"
1545,2001395,19,2009,95,"48.88923532028767, 2.3838815161682865"
1546,2001431,13,2009,5,"48.835673730256666, 2.346420513248227"
1547,2001416,18,2009,10,"48.88431683019819, 2.3547753465249337"
1548,2001430,13,2009,3,"48.832257820226204, 2.3578479026620722"
1549,2001437,20,2009,4,"48.85666109023822, 2.402203159354935"
1550,2001441,5,2009,12,"48.83917502015309, 2.349623730261816"
1551,2001455,10,2009,12,"48.86885569025345, 2.359255240565428"
1552,2001467,15,2009,29,"48.83206166969982, 2.29562376638157"
1553,2001520,13,2009,1,"48.82223715957171, 2.3507393183321956"
1554,2001546,18,2009,4,"48.89001995044289, 2.361191473330607"
1555,2001579,15,2010,2,"48.84262129963957, 2.2768798534156938"
1558,2001622,12,2010,1,"48.834137710037766, 2.4062530764410734"
1559,2001630,20,2010,103,"48.850466659841146, 2.405711356484642"
1560,2001663,15,2010,6,"48.841261129926735, 2.2977221886246326"
1561,2001685,14,2010,10,"48.83555367029864, 2.34020237466672"
1562,2001702,10,2010,1,"48.873339459868305, 2.3702779193458237"
1563,2001716,3,2010,10,"48.863026020265536, 2.361411757085583"
1564,2001718,10,2010,54,"48.87337510013696, 2.347988279408441"
1565,2001733,9,2010,30,"48.87410574018437, 2.3416275651126184"
1566,2001746,11,2010,13,"48.86044913999318, 2.3749230774746173"
1567,2001756,19,2010,12,"48.87857446962683, 2.389738585328446"
1568,2001800,18,2010,1,"48.88984628955472, 2.360388256681876"
1570,2001845,3,2011,4,"48.86308659963443, 2.3587328505206298"
1573,2001892,13,2011,1,"48.82626900013276, 2.3580956764634258"
1574,2001900,7,2011,20,"48.85575053971508, 2.306813057650326"
1575,2001903,12,2011,90,"48.837708579877926, 2.397020450507162"
1576,2001930,14,2011,13,"48.82856534019357, 2.3208406963628496"
1578,2001958,4,2011,37,"48.85572144990321, 2.3565278422516185"
1579,2001963,4,2011,24,"48.85473978996856, 2.3544025053970894"
1580,2001971,5,2011,37,"48.842044869695904, 2.349681552644931"
1581,2001983,3,2011,7,"48.85730260956236, 2.366078023476674"
1582,2001992,14,2011,97,"48.82824882020437, 2.3099319972686687"
1583,2001994,15,2011,57,"48.84177737960831, 2.282421440625858"
1584,2002004,20,2011,41,"48.86768075969994, 2.3868187641540564"
1585,2002026,16,2011,140,"48.84844398974758, 2.2744872372691067"
1586,2002029,11,2011,3,"48.86594309967307, 2.3745073800883163"
1587,2002053,18,2012,9,"48.8957116503141, 2.3587698985235"
1589,2002081,1,2012,11,"48.86169625976912, 2.349033428206151"
1590,2002116,17,2012,3,"48.88375074960099, 2.28805895543994"
1591,2002149,19,2012,2,"48.88722063976212, 2.3957712044655883"
1592,2002155,13,2012,24,"48.82095998027332, 2.3718542175302666"
1593,2002161,19,2012,6,"48.88693079966082, 2.386644559607367"
1594,2002185,20,2012,76,"48.857621529878216, 2.405466588510364"
1595,2002191,11,2012,52,"48.853920770057925, 2.393974522665392"
1596,2002306,19,2013,15,"48.88803604029387, 2.386490392605246"
1597,2002316,10,2013,29,"48.88017205032769, 2.3699546360778934"
1599,2002345,15,2013,101,"48.83188221026109, 2.307426301629646"
1601,2002387,13,2013,92,"48.825111150421776, 2.3876857632973585"
1602,2002401,19,2013,54,"48.875746519824744, 2.3995596632847844"
1603,2002486,6,2014,7,"48.85576976989651, 2.335268635648937"
1604,2002523,5,2014,1,"48.83990466986024, 2.340289405237559"
1605,2002589,3,2014,18,"48.86529151021499, 2.3561470736320826"
1606,2002612,16,2014,307,"48.8366089398595, 2.2591813656281152"
1607,2002713,10,2015,8,"48.87397138982993, 2.355910693599669"
1608,2002769,10,2015,43,"48.87310302042646, 2.362367503032879"
1609,2002782,13,2015,100,"48.82541626039926, 2.382880257513785"
1610,2002790,15,2015,28,"48.835484669768846, 2.2886994282847333"
1611,2002801,20,2015,1,"48.86783515011531, 2.4008491101347644"
1612,2002806,3,2015,39,"48.863184059812205, 2.3647779629943675"
1613,2002870,15,2015,32,"48.83210557999049, 2.2968321603671678"
1614,2002871,14,2015,17,"48.82666077010603, 2.3127695603850276"
1615,2002897,8,2016,22,"48.875666269835996, 2.307023308066884"
1620,2003074,1,2017,2,"48.8604624599155, 2.348550533041103"
1621,2003085,16,2017,25,"48.8445127203244, 2.2598703074932276"
1622,2003119,10,2017,67,"48.88202600958784, 2.349819812460311"
1623,2003123,15,2017,17,"48.84757844010921, 2.282847203054594"
1624,2003178,17,2017,31,"48.893987860283254, 2.3229267471675104"
1626,2003198,12,2017,6,"48.83813375989019, 2.402447819286401"
1627,2003204,9,2017,20,"48.881630509973284, 2.345697689432569"
1628,2003227,6,2017,1,"48.85481199044896, 2.3338144984890627"
1629,2003260,12,2017,12,"48.83708561965332, 2.383583432475931"
1630,2003289,17,2018,1,"48.89027227986125, 2.322505828409311"
1631,2003310,9,2018,3,"48.8721407201925, 2.3465272244545075"
1632,2003321,12,2018,2,"48.84626658038454, 2.373155531639313"
1633,2003326,18,2018,1,"48.88362738999487, 2.337339777975852"
1635,2003389,13,2018,15,"48.828443640177, 2.352315292437236"
1636,2003437,15,2018,1,"48.84347076017859, 2.281544603028027"
1637,2003475,13,2019,1,"48.834411089742616, 2.3607443243895005"
1638,2003477,18,2019,18,"48.88236521977085, 2.3388627874190813"
1639,2003486,15,2019,19,"48.83437615001076, 2.2880958514236514"
1641,2003541,10,2019,2,"48.87113573029898, 2.3569888404218533"
1642,2003551,15,2019,23,"48.83501829008829, 2.2914035152147925"
1643,2003560,11,2019,19,"48.85418991989911, 2.395683519468304"
1644,2003561,14,2019,158,"48.837518659768286, 2.335227410530033"
1646,2003614,16,2019,316,"48.840593599713685, 2.2560189423456602"
1648,2003666,18,2019,13,"48.89242621042465, 2.350108974349685"
1649,2003706,17,2019,23,"48.88395646010152, 2.297142851358717"
1650,2003708,20,2019,69,"48.866468840277406, 2.3950622583711723"
1651,2003580,20,2020,16,"48.86311542024623, 2.405882884626734"
1652,2003701,18,2020,34,"48.89554856956901, 2.3495218946373075"
1653,2003722,14,2020,10,"48.82964912010135, 2.3278797565530978"
1654,2003784,13,2021,5,"48.82293279970024, 2.3569102686361916"
1655,2003794,18,2021,1,"48.89002278042671, 2.3612103191242513"
1656,2003797,18,2021,2,"48.88691795987279, 2.349786291344782"
1657,2003823,20,2021,21,"48.86429871999651, 2.4012589580972006"
1658,2003840,18,2021,17,"48.89767257035777, 2.340111543510848"
1660,CPE19,15,2021,39,"48.853545080260425, 2.2953503383285563"
1661,CPE20,20,2021,30,"48.86126675967061, 2.404208009652501"
1662,2003974,1,2022,1,"48.861485240274696, 2.3481821353481545"
1665,2004013,18,2022,17,"48.893937450309096, 2.333410076317805"
1666,2004020,11,2022,12,"48.85835111966205, 2.3772208580841294"
1667,2004032,11,2022,16,"48.86647525981527, 2.383050945516938"
1668,2004040,18,2022,22,"48.88624686989337, 2.326336609023661"
1669,2004054,5,2022,23,"48.849956560216135, 2.3506645205993353"
1670,CPE72,11,2022,57,"48.855475539569355, 2.3820534184980704"
1671,2004081,12,2023,1,"48.83988307959745, 2.391269423192276"
1672,2004102,15,2023,26,"48.83746834997349, 2.2892910544074776"
1673,2004122,11,2023,23,"48.84883908971669, 2.39383033260469"
1675,2004175,16,2023,10,"48.84786782977881, 2.260890508364589"
1677,2004185,19,2023,6,"48.87369049964532, 2.384185088323112"
1678,CPE87,15,2023,16,"48.829398130237564, 2.3017630822866475"
1681,2004223,12,2024,249,"48.84781246992854, 2.3789566373657887"
1682,2004241,20,2024,73,"48.84954926969142, 2.4142817833410954"
1683,2004249,4,2024,13,"48.85791327044093, 2.3533305566429457"
1684,2004252,18,2024,5,"48.88344177970572, 2.340927424197361"
1685,2004274,6,2024,55,"48.84618439970295, 2.3281495655339866"
1686,2000008,11,2001,3,"48.889643009814364, 2.353268742452375"
1687,2000013,9,2001,24,"48.87529893987116, 2.3453850294563496"
1688,2000043,9,2001,18,"48.87248232018875, 2.3441882875250317"
1689,2000064,15,2001,91,"48.87150826027073, 2.330706077628804"
1690,2000092,11,2002,40,"48.85587161981746, 2.3861769155493575"
1691,2000156,18,2002,17,"48.89327907036616, 2.3521857905696555"
1692,2000166,20,2002,11,"48.87216316964096, 2.3816045092582834"
1693,2000170,18,2002,77,"48.89472689043853, 2.3477799691506296"
1695,2000192,17,2002,64,"48.89968689993737, 2.32222084551439"
1696,2000197,19,2003,88,"48.88825047041985, 2.3897645445316593"
1697,2000222,14,2003,24,"48.833640419739446, 2.315301592594208"
1698,2000274,10,2003,19,"48.870353740370305, 2.3647646516488376"
1699,2000291,5,2003,9,"48.846362669627055, 2.343244366453339"
1700,2000297,12,2003,17,"48.842692380078795, 2.3923039455109976"
1701,2000319,14,2004,23,"48.83055921022295, 2.3244128693774484"
1703,2000354,20,2004,47,"48.8753831299812, 2.3909604060043654"
1704,2000440,11,2004,6,"48.86711189993868, 2.3668202132131735"
1705,2000525,8,2005,57,"48.87726038027455, 2.3023374713582054"
1707,2000531,18,2005,6,"48.88581043015244, 2.3523929565804376"
1708,2000584,14,2005,52,"48.83137401036664, 2.3381782583557635"
1709,2000643,15,2006,126,"48.84050584987005, 2.2856326363675286"
1710,2000648,15,2006,7,"48.83605461970934, 2.297935061467077"
1711,2000679,16,2006,15,"48.84944459991123, 2.2695675871637127"
1712,2000681,20,2006,12,"48.87271870982825, 2.397031119419985"
1713,2000711,7,2006,22,"48.847901300338755, 2.3121970031556884"
1715,2000745,15,2006,218,"48.83592055990109, 2.3110680904402137"
1716,2000790,20,2007,1,"48.86866405955656, 2.401567299530063"
1717,2000803,13,2007,41,"48.82870604963425, 2.3721790194906043"
1718,2000804,18,2007,7,"48.8901746902947, 2.3275481910834115"
1719,2000821,10,2007,1,"48.882673509699025, 2.360502563383849"
1720,2000842,15,2007,14,"48.830359260018284, 2.305930116632744"
1721,2000904,11,2007,189,"48.868936520009505, 2.3764102374030975"
1722,2000908,10,2007,15,"48.880295040023036, 2.3671735943524057"
1725,2000937,4,2007,13,"48.85652162031741, 2.362536540556715"
1726,2000941,18,2007,8,"48.88979982973774, 2.3552502916189697"
1727,2000968,13,2007,28,"48.83584988033861, 2.349557917025106"
1728,2000971,2,2007,21,"48.866520719901594, 2.345822464494146"
1729,2000976,12,2007,11,"48.84836382030742, 2.3797472804938984"
1731,2001035,19,2008,23,"48.89475236015394, 2.374431518057623"
1732,2001076,4,2008,22,"48.858893310184335, 2.3542621411519784"
1733,2001088,14,2008,15,"48.83409224972371, 2.31578035526445"
1735,2001129,13,2008,2,"48.8233628901609, 2.3760248852851484"
1737,2001140,19,2008,9,"48.88065159012164, 2.370549754660113"
1738,2001174,1,2008,5,"48.85857540995531, 2.345332283453249"
1739,2001182,3,2008,15,"48.85966893015888, 2.3638770044364614"
1740,2001189,3,2008,9,"48.85592256990197, 2.367734043123869"
1741,2001208,4,2008,5,"48.860510850373984, 2.3509909853454865"
1742,2001250,11,2008,22,"48.86281859016834, 2.3819429711498232"
1743,2001272,18,2008,2,"48.891290710367954, 2.339339110483219"
1744,2001290,10,2009,12,"48.87669964954958, 2.3520311586708393"
1745,2001303,12,2009,28,"48.84159919024952, 2.3750808605827833"
1746,2001316,13,2009,230,"48.827089960324706, 2.365796000618888"
1747,2001327,9,2009,18,"48.8767821302942, 2.3352767620116035"
1748,2001330,19,2009,48,"48.88904244004905, 2.3782103263648797"
1749,2001346,15,2009,10,"48.8401902197315, 2.2979188144488636"
1750,2001348,12,2009,30,"48.84705244992568, 2.393944592486217"
1751,2001356,15,2009,16,"48.83217283016839, 2.307076198554176"
1754,2001426,11,2009,1,"48.853928799760325, 2.379986128034399"
1755,2001453,2,2009,43,"48.86734184992339, 2.345852052567941"
1756,2001459,9,2009,4,"48.8770307799022, 2.341386737507412"
1757,2001488,12,2009,21,"48.85150465002986, 2.369512620601197"
1758,2001491,20,2009,12,"48.86628946994621, 2.384835790421592"
1759,2001513,20,2009,37,"48.86372268968716, 2.3995678100413365"
1760,2001538,13,2009,46,"48.83016151012585, 2.343658545329462"
1761,2001562,14,2010,120,"48.828561619590154, 2.335483158353325"
1762,2001612,18,2010,24,"48.88725664032246, 2.3505157783659345"
1763,2001639,4,2010,6,"48.860773590031734, 2.353881842344633"
1764,2001653,20,2010,31,"48.85528010991507, 2.399619632537737"
1766,2001667,17,2010,4,"48.88934169036289, 2.2998336800571115"
1768,2001787,18,2010,16,"48.89008222020268, 2.3605621050832397"
1769,2001794,20,2010,1,"48.86305948005777, 2.405998784347865"
1770,2001798,20,2010,2,"48.87154412029335, 2.3808254149566324"
1771,2001833,15,2011,88,"48.83525767984177, 2.2964988604509005"
1772,2001874,20,2011,77,"48.86524089983733, 2.388782680614674"
1773,2001883,18,2011,6,"48.88888156014992, 2.353515933480115"
1774,2001935,15,2011,7,"48.82956942959313, 2.297783527423114"
1775,2001951,1,2011,28,"48.85862548957935, 2.343762942607917"
1777,2002016,19,2011,11,"48.8786009599309, 2.371021918248408"
1778,2002032,13,2011,14,"48.82160401996271, 2.3637296571598485"
1779,2002038,20,2011,6,"48.85628848999542, 2.3963107085437705"
1781,2002065,10,2012,14,"48.883519789714484, 2.360207622585762"
1786,2002153,20,2012,23,"48.84877455033254, 2.399623216351083"
1787,2002164,17,2012,40,"48.89253849993992, 2.3136093120858487"
1788,2002174,19,2012,5,"48.876813490126914, 2.396677604323794"
1789,2002212,17,2012,103,"48.89511709961847, 2.316819662404609"
1790,2002215,17,2012,89,"48.89119275963625, 2.315491246368995"
1792,2002234,20,2012,1,"48.85870197044941, 2.4028576084126083"
1793,2002242,13,2013,225,"48.82223587992149, 2.3719661075396083"
1794,2002254,9,2013,23,"48.882285099710636, 2.331246579348036"
1795,2002297,18,2013,16,"48.89051068043764, 2.3518049935624927"
1797,2002303,18,2013,1,"48.89492618034963, 2.3490855189967457"
1798,2002340,15,2013,1,"48.8414519497339, 2.2808506903243972"
1799,2002358,18,2013,85,"48.89257190976386, 2.348619006346396"
1800,2002365,19,2013,8,"48.87609339958222, 2.3978307690636496"
1802,2002407,20,2013,5,"48.86731653042947, 2.3833048730719253"
1803,2002409,20,2013,26,"48.8697765700978, 2.406941516482231"
1804,2002428,11,2013,4,"48.854981639817204, 2.3867905851928795"
1805,2002436,19,2013,198,"48.89082313041251, 2.374591335557409"
1806,2002506,17,2014,29,"48.88283730032932, 2.317353700029303"
1807,2002510,20,2014,1,"48.84904292971949, 2.4057433474321455"
1808,2002550,12,2014,140,"48.84651022035624, 2.3808077335368667"
1809,2002552,13,2014,64,"48.82680084031687, 2.385563631530574"
1810,2002572,18,2014,13,"48.894895530253656, 2.339545232627337"
1811,2002593,6,2014,21,"48.850773569614006, 2.3411850784971286"
1814,2002726,13,2015,1,"48.820024020432264, 2.3496838889917857"
1815,2002741,19,2015,2,"48.877428009939976, 2.4010486283731463"
1816,2002759,11,2015,41,"48.86317350032344, 2.368844590526668"
1817,2002812,9,2015,1,"48.87431155021202, 2.342409993457"
1819,2002856,15,2015,68,"48.83431030014877, 2.3108033393394467"
1820,2002879,17,2016,2,"48.893191719781804, 2.302280626474976"
1821,2002896,7,2016,10,"48.85433058957541, 2.324080061450743"
1822,2002908,18,2016,7,"48.89599039018193, 2.3391694563683307"
1823,2002961,19,2016,21,"48.87819957035922, 2.3982153415227185"
1824,2002967,19,2016,5,"48.88740158028058, 2.3847404390605482"
1825,2002980,9,2016,3,"48.87677627025573, 2.3368480353166428"
1826,2002998,17,2016,16,"48.89338384008143, 2.3224485905611885"
1827,2003001,19,2016,51,"48.876019009955485, 2.3807352540249993"
1828,2003023,12,2016,1,"48.83886870022718, 2.3960072144205267"
1829,2003043,10,2016,1,"48.87476664987324, 2.3555324396179875"
1830,2003105,14,2017,38,"48.82758608960976, 2.3147433234011365"
1831,2003109,13,2017,52,"48.83272530001401, 2.3531286163939553"
1833,2003146,15,2017,8,"48.84686078967095, 2.299184137304357"
1834,2003150,10,2017,6,"48.877132230265794, 2.3639111384401996"
1835,2003215,5,2017,1,"48.85072408016548, 2.349067523389303"
1836,2003228,6,2017,1,"48.85626587964625, 2.3361949163091764"
1837,2003233,17,2017,6,"48.87778822032339, 2.2916707556503115"
1838,2003259,9,2017,9,"48.881759020360704, 2.3496642603029323"
1839,2003287,15,2018,2,"48.84093661973038, 2.2807364673839996"
1840,2003293,18,2018,2,"48.88898960978064, 2.327635788591577"
1841,2003313,11,2018,2,"48.86801302977058, 2.3753836590254114"
1842,2003335,18,2018,1,"48.89176493985201, 2.347925054165377"
1843,2003338,20,2018,1,"48.872173999662, 2.3813586259716386"
1844,2003340,17,2018,64,"48.89782621017262, 2.323033796679463"
1845,2003344,20,2018,4,"48.855548600190836, 2.405826346661611"
1846,2003358,20,2018,1,"48.872403819968575, 2.3959124519606907"
1847,2003363,11,2018,2,"48.8584745895484, 2.3769037154336816"
1848,2003396,11,2018,12,"48.855063260203146, 2.368927974360373"
1849,2003420,20,2018,103,"48.858011299816276, 2.4095451225717395"
1850,2003424,20,2018,1,"48.868505760398, 2.409285523161293"
1851,2003427,15,2018,5,"48.84405019000681, 2.315987030374457"
1853,2003640,19,2019,14,"48.88600926032933, 2.3705475173416946"
1854,2003667,18,2019,19,"48.88694232955107, 2.3273956569982923"
1855,2003764,12,2019,1,"48.846534279912184, 2.4059642113465793"
1856,2003578,18,2020,7,"48.89706088004604, 2.3596684216709134"
1857,2003586,20,2020,1,"48.856422419942554, 2.4021547622782653"
1858,2003587,17,2020,1,"48.895680629910075, 2.3183044131405084"
1859,2003598,20,2020,13,"48.87364907039209, 2.405310162247791"
1862,2003643,14,2020,1,"48.83296585974765, 2.3355695410789052"
1863,2003699,15,2020,47,"48.837712340342414, 2.2864857464678363"
1864,2003793,18,2021,6,"48.885618740262025, 2.3648264642079497"
1865,2003808,14,2021,7,"48.82993697044353, 2.3205706615679813"
1866,2003816,13,2021,1,"48.831920939803275, 2.3686563985787417"
1867,2003825,11,2021,26,"48.85237915991292, 2.3895420446358506"
1868,2003832,14,2021,22,"48.825993030406515, 2.304186896590098"
1869,2003846,10,2021,20,"48.87618898982566, 2.3696016946062923"
1870,CPE16,5,2021,17,"48.83803379028547, 2.3500779163616725"
1871,CPE7,3,2021,5,"48.85975936995425, 2.3635558921828164"
1874,2004006,18,2022,4,"48.89396571031001, 2.338096918464368"
1875,2004017,19,2022,6,"48.88356908043266, 2.37382836542468"
1876,CPE69,20,2022,9,"48.872529019729214, 2.3977882535887494"
1877,2004071,18,2023,52,"48.896005289834086, 2.3378859114624744"
1878,2004095,12,2023,31,"48.8501170202485, 2.3756647134664295"
1879,2004115,10,2023,16,"48.87362660981827, 2.3527111574435136"
1881,2003789,13,2024,1,"48.8200624401359, 2.349982772255713"
1882,2003970,8,2024,6,"48.87583180968929, 2.3218752524105986"
1883,2004211,6,2024,25,"48.85383772002268, 2.3321697815788895"
1884,2004247,12,2024,15,"48.84653803023023, 2.367833563591776"
1885,2004259,15,2024,9,"48.84605576006736, 2.3072248344395128"
1886,2000018,18,2001,41,"48.89139710960038, 2.351029674672818"
1887,2000026,18,2001,12,"48.887098690000585, 2.353927875401381"
1888,2000037,9,2001,1,"48.879860390318605, 2.3494848973482263"
1889,2000088,20,2002,22,"48.855194750066886, 2.4055098170448432"
1890,2000103,10,2002,8,"48.87907508003237, 2.3571050390288297"
1891,2000121,9,2002,15,"48.876426469943546, 2.3443707514220304"
1892,2000164,5,2002,57,"48.844674189729886, 2.3512646315548773"
1893,2000208,9,2003,25,"48.879471719989574, 2.3419315515391514"
1894,2000242,11,2003,28,"48.86532521045257, 2.3756065645600244"
1895,2000260,3,2003,75,"48.857858549858776, 2.3667216935731874"
1896,2000288,18,2003,15,"48.88737152042514, 2.3533985925907634"
1898,2000369,20,2004,4,"48.85507814001658, 2.403292344552064"
1899,2000385,13,2004,48,"48.828760300287364, 2.382108919564762"
1900,2000389,16,2004,23,"48.86816838979356, 2.2841970133952065"
1902,2000451,1,2005,4,"48.86251919007336, 2.3481213805788355"
1903,2000467,17,2005,45,"48.897369870397995, 2.325891411216049"
1904,2000474,7,2005,37,"48.84703361982628, 2.313858982082684"
1905,2000513,15,2005,10,"48.8321089299661, 2.307476431340911"
1906,2000552,18,2005,10,"48.89040910001432, 2.3537383614070744"
1908,2000581,18,2005,10,"48.88445832023187, 2.336549475543633"
1909,2000590,19,2005,80,"48.88218535995558, 2.3934852651197422"
1910,2000599,15,2005,6,"48.85385664020124, 2.293715317136811"
1911,2000602,11,2005,10,"48.87541473019744, 2.358095713381715"
1912,2000621,12,2006,3,"48.84574189992192, 2.403897206632385"
1914,2000631,9,2006,27,"48.881981550405385, 2.3355102354448842"
1916,2000721,11,2006,12,"48.857183640029106, 2.375066750500635"
1917,2000727,15,2006,16,"48.84145252004566, 2.282769085391501"
1919,2000765,19,2006,9,"48.880920069968795, 2.3722785903546737"
1920,2000810,12,2007,18,"48.83569035964891, 2.4024011169874044"
1921,2000867,4,2007,4,"48.85555285011274, 2.3572440093409055"
1922,2000870,15,2007,5,"48.845752179618316, 2.298268297292593"
1923,2000889,13,2007,8,"48.822912139916525, 2.3561589442638433"
1925,2000909,19,2007,13,"48.88968080032937, 2.368757868321271"
1926,2000921,17,2007,7,"48.896703039554474, 2.3226716551676945"
1928,2000942,10,2007,23,"48.88032773006082, 2.3593465924216384"
1929,2000946,17,2007,12,"48.88000803954788, 2.291757665536335"
1930,2000951,17,2007,1,"48.884441529749424, 2.2918000855463156"
1931,2000972,20,2007,10,"48.85752216963123, 2.400938605184284"
1932,2000995,18,2007,22,"48.88510709960632, 2.365241372645085"
1933,2000999,18,2007,10,"48.88986023969769, 2.362864921558465"
1934,2001013,18,2007,7,"48.89323227964506, 2.3508696744960447"
1935,2001016,18,2007,3,"48.89285593989988, 2.352328823560916"
1937,2001022,17,2008,15,"48.889923510282735, 2.3216029841976877"
1938,2001024,13,2008,6,"48.823381739860665, 2.374153027577868"
1940,2001041,18,2008,19,"48.88919165015184, 2.354625613115155"
1941,2001122,15,2008,1,"48.84192537013172, 2.298426154520995"
1942,2001136,13,2008,1,"48.819650829581605, 2.365843217428716"
1943,2001137,14,2008,24,"48.827594570183294, 2.3156312554922125"
1945,2001154,15,2008,89,"48.8420214795971, 2.282003285063097"
1946,2001170,1,2008,15,"48.86159031979601, 2.344100383604839"
1947,2001234,18,2008,6,"48.88991999989505, 2.362201907635828"
1949,2001252,14,2008,10,"48.82991203969343, 2.3228823241735728"
1950,2001260,18,2008,12,"48.88950076957871, 2.3483427992329777"
1951,2001262,18,2008,12,"48.884978040228674, 2.365120155335267"
1952,2001279,20,2008,2,"48.87267593001431, 2.3794664180335743"
1953,2001342,20,2009,7,"48.85430409030805, 2.411707297490179"
1955,2001366,15,2009,14,"48.841558690338125, 2.302616395554098"
1956,2001368,18,2009,14,"48.88459547975423, 2.3301554452404147"
1958,2001386,17,2009,2,"48.88731923031991, 2.296595653499695"
1959,2001392,20,2009,3,"48.84837779993015, 2.4119185291548204"
1960,2001407,19,2009,184,"48.894803119794084, 2.397464478261223"
1961,2001414,15,2009,22,"48.84235506964915, 2.284858336080952"
1962,2001419,15,2009,13,"48.84364955010584, 2.2948776522771928"
1963,2001425,11,2009,4,"48.86291867979823, 2.3861192794553188"
1964,2001429,13,2009,1,"48.82787567018624, 2.354887960383423"
1965,2001443,15,2009,17,"48.833731570280044, 2.301336726332686"
1967,2001477,15,2009,127,"48.83654354981533, 2.289429578484754"
1968,2001478,15,2009,17,"48.83421918995183, 2.2898559526418922"
1969,2001497,18,2009,2,"48.88842936973034, 2.3621002340793193"
1970,2001514,15,2009,4,"48.842895019966626, 2.3188724834281484"
1971,2001526,17,2009,1,"48.893086849635914, 2.3174053726829302"
1972,2001534,12,2009,60,"48.841902809589314, 2.3850344135008146"
1973,2001560,12,2010,35,"48.84652843022567, 2.3856415374948687"
1974,2001593,14,2010,1,"48.83222352991171, 2.329760129450487"
1975,2001606,16,2010,22,"48.864288250083476, 2.282600516280288"
1977,2001706,20,2010,1,"48.85052169016124, 2.3993893793969123"
1978,2001713,12,2010,31,"48.866317959983135, 2.3085737815385645"
1980,2001740,11,2010,25,"48.8589998498497, 2.383321669592046"
1981,2001791,19,2010,7,"48.875555120019925, 2.3981474706407315"
1982,2001796,20,2010,12,"48.868441910269055, 2.404170426632218"
1983,2001827,20,2010,18,"48.85259470998199, 2.408123767075043"
1984,2001855,2,2011,4,"48.86995081037455, 2.347939833369158"
1985,2001914,17,2011,2,"48.883426640134374, 2.2877190925612307"
1986,2001956,4,2011,93,"48.85387107010781, 2.3616739984493664"
1987,2001987,9,2011,48,"48.87544553021406, 2.342687272096008"
1988,2001999,17,2011,14,"48.89329531025007, 2.31694906621289"
1989,2002001,19,2011,12,"48.88005196961219, 2.392082499967475"
1990,2002009,20,2011,19,"48.864893280264646, 2.340371505208679"
1991,2002013,13,2011,6,"48.834450289693024, 2.367266724452973"
1992,2002024,12,2011,2,"48.8381173803079, 2.404077827114537"
1993,2002037,20,2011,59,"48.869224200250464, 2.3952687204405283"
1995,2002094,16,2012,1,"48.84675091960543, 2.261328880418615"
1997,2002117,20,2012,5,"48.85404750032055, 2.4109160034690036"
1999,2002150,14,2012,8,"48.83256963038811, 2.3358025051010465"
2000,2002156,13,2012,17,"48.82099860977131, 2.3715526784310557"
2001,2002159,17,2012,140,"48.88970598958065, 2.3135387473641087"
2002,2002163,20,2012,56,"48.8537300196048, 2.4065118680520303"
2003,2002176,18,2012,3,"48.897518229885534, 2.3329074086344836"
2004,2002179,19,2012,131,"48.88670908967034, 2.3858021453839515"
2005,2002216,17,2012,63,"48.89139063019216, 2.315050854135834"
2006,2002225,2,2012,13,"48.86719803001002, 2.3449758153615434"
2007,2002233,4,2012,1,"48.85321860995926, 2.366475696336182"
2008,2002239,13,2012,1,"48.83058422962807, 2.3680585385538486"
2009,2002264,15,2013,11,"48.846447579789725, 2.3099246525606687"
2010,2002319,10,2013,1,"48.87391279027565, 2.362114655405272"
2012,2002380,12,2013,5,"48.849556399819775, 2.3806653260749524"
2013,2002403,19,2013,221,"48.88227636976113, 2.374819960374167"
2014,2002532,5,2014,33,"48.84362331973436, 2.341816837659607"
2015,2002586,20,2014,10,"48.856323569880125, 2.4043758430488307"
2016,2002695,10,2015,1,"48.87163001038487, 2.3569513276652274"
2017,2002748,14,2015,29,"48.82829441012337, 2.3326576296686623"
2018,2002754,19,2015,13,"48.88739989028559, 2.3896073054697085"
2019,2002760,11,2015,2,"48.8550610800348, 2.3731005515989234"
2020,2002773,11,2015,12,"48.8653515198386, 2.3681732774804494"
2021,2002783,14,2015,14,"48.83405195957125, 2.32263241064633"
2022,2002807,3,2015,4,"48.86432043962723, 2.363077667514311"
2023,2002818,10,2015,15,"48.87207468022761, 2.3562096640353114"
2024,2002833,15,2015,28,"48.85303682031264, 2.2876398436131424"
2025,2002853,20,2015,6,"48.8681603400034, 2.3872665274626383"
2026,2002864,18,2015,44,"48.88717579996863, 2.359975475379899"
2029,2002911,20,2016,115,"48.84814299975003, 2.4040748550770146"
2030,2002930,20,2016,6,"48.87205997968966, 2.3965235576685737"
2031,2002932,10,2016,7,"48.874925840388656, 2.370956966564833"
2032,2002943,11,2016,1,"48.860328689615606, 2.380319226579649"
2033,2002945,12,2016,139,"48.832924380077635, 2.3995973642179433"
2034,2003002,19,2016,2,"48.89419946994809, 2.3838309166789773"
2035,2003013,9,2016,1,"48.883503610290106, 2.3281597443420115"
2036,2003019,12,2016,1,"48.847085870015015, 2.3858582284118057"
2037,2003028,18,2016,6,"48.89330826978512, 2.361716438488291"
2039,2003046,1,2016,17,"48.864708760055734, 2.3446186471168495"
2041,2003140,19,2017,20,"48.87705660033465, 2.404706918296157"
2042,2003158,17,2017,18,"48.89346376016463, 2.3257256984408565"
2043,2003171,18,2017,7,"48.896770549658626, 2.3432036445520326"
2044,2003180,13,2017,12,"48.826544260375556, 2.368907101235874"
2045,2003193,18,2017,63,"48.89246749957479, 2.359600172574629"
2047,2003261,17,2017,14,"48.88387528042051, 2.2931095385905467"
2048,2003273,5,2018,24,"48.837648659845456, 2.3538947060541284"
2049,2003278,9,2018,2,"48.878171290128236, 2.3454548700112836"
2050,2003288,15,2018,1,"48.83209808009668, 2.2902201225098215"
2051,2003325,15,2018,17,"48.84125167019843, 2.2921379813078886"
2052,2003357,20,2018,17,"48.8661186996657, 2.398885297634607"
2053,2003381,15,2018,287,"48.83046277994688, 2.292521063573937"
2054,2003395,10,2018,12,"48.88088346992753, 2.359833327060215"
2055,2003400,13,2018,9,"48.83256671978615, 2.359019396249975"
2056,2003440,12,2018,27,"48.83367658975654, 2.4022921244018636"
2057,2003455,13,2018,60,"48.819360779868944, 2.3608078703740283"
2058,2003459,13,2018,116,"48.82996382995753, 2.3590817234334636"
2059,2003544,15,2019,1,"48.84301178996061, 2.295330551469278"
2060,2003568,20,2019,1,"48.86827833968889, 2.400826045230782"
2061,2003570,13,2019,1,"48.827039819948176, 2.363239556332637"
2062,2003767,20,2019,2,"48.86901740031486, 2.3913712705809727"
2063,2003601,19,2020,4,"48.883172349880724, 2.394531286539913"
2064,2003617,20,2020,3,"48.85414467958029, 2.3996977373344843"
2065,2003688,18,2020,1,"48.88779613992543, 2.346579940362829"
2068,2003739,17,2020,30,"48.88860908002025, 2.305899142594002"
2069,2003958,18,2021,59,"48.89357080986253, 2.3645561004968747"
2070,CPE11,20,2021,12,"48.87303312992314, 2.3980223483833067"
2071,CPE21,11,2021,20,"48.85390517019425, 2.386333230397503"
2072,CPE30,20,2021,39,"48.87060969968986, 2.4080408235190243"
2074,2003981,1,2022,14,"48.86645186014269, 2.3320137816248407"
2075,2003986,15,2022,1,"48.848465919910474, 2.2894075374538105"
2076,2003995,15,2022,14,"48.841837480316364, 2.2888076133496518"
2077,2004037,17,2022,5,"48.885007569784946, 2.3155489063011117"
2079,2004049,19,2022,1,"48.87744283028864, 2.406170060377514"
2080,2004058,18,2022,39,"48.89821425999394, 2.3447925891568766"
2081,2004077,4,2023,10,"48.85873387997758, 2.3506736535876263"
2082,2004086,14,2023,10,"48.83307524962144, 2.324989790393048"
2083,2004144,20,2023,1,"48.86799782015573, 2.4103997050322437"
2085,2004181,18,2023,13,"48.88620844969606, 2.3619732331562857"
2086,CPE91,15,2023,2,"48.828709520027, 2.3016986355534317"
2087,CPE95,12,2023,87,"48.83473523003455, 2.38673746507952"
2089,2000005,11,2001,5,"48.85521974015515, 2.3871336614539893"
2090,2000021,15,2001,2,"48.83693225035609, 2.3004003195033293"
2091,2000031,20,2001,52,"48.855876709798366, 2.40493697433607"
2093,2000053,19,2001,314,"48.878686969651156, 2.3928425380342655"
2095,2000180,11,2002,27,"48.856374990293446, 2.3821877263802707"
2096,2000228,15,2003,28,"48.844064620178486, 2.309343017497777"
2097,2000248,11,2003,36,"48.862484410312135, 2.3759803601162854"
2098,2000252,14,2003,45,"48.833470680374695, 2.3198051303591423"
2099,2000263,19,2003,76,"48.89397955995955, 2.3824850273278644"
2100,2000276,15,2003,44,"48.843916789662345, 2.295560164215728"
2101,2000334,2,2004,6,"48.86951771038834, 2.3490610775541874"
2102,2000346,2,2004,6,"48.868774360141224, 2.3535452603096014"
2103,2000365,19,2004,165,"48.88761148977728, 2.379009768992234"
2104,2000366,20,2004,2,"48.85490751026756, 2.403491105279805"
2105,2000372,13,2004,4,"48.82442263961949, 2.3465534085741875"
2106,2000401,19,2004,51,"48.89189380976362, 2.381852358413551"
2107,2000416,7,2004,6,"48.84620982043454, 2.314347468315377"
2108,2000418,11,2004,82,"48.86088754035106, 2.3843648282726946"
2109,2000421,18,2004,7,"48.887072419912755, 2.3554144744263343"
2110,2000446,19,2004,50,"48.88646906027404, 2.387561364578524"
2111,2000447,10,2004,2,"48.87324474020135, 2.357056834340971"
2112,2000460,20,2005,20,"48.85035351963051, 2.4050222586216896"
2113,2000477,17,2005,40,"48.8845991601571, 2.325256790377986"
2114,2000482,2,2005,2,"48.86979212040118, 2.349354091564963"
2116,2000561,15,2005,13,"48.8437696499684, 2.2802681694286697"
2117,2000579,10,2005,17,"48.8724087496206, 2.366541165406787"
2118,2000605,17,2006,277,"48.893188470070484, 2.302262182409422"
2119,2000618,2,2006,15,"48.86926458002729, 2.3537445942741124"
2120,2000626,12,2006,3,"48.844539639867556, 2.390028322320798"
2121,2000634,4,2006,15,"48.852168809712076, 2.366369569215165"
2122,2000728,18,2006,8,"48.89268443983443, 2.351937965675891"
2124,2000752,11,2006,46,"48.86903893023401, 2.3772310272368036"
2125,2000777,11,2007,6,"48.859394190024446, 2.3702260925232053"
2126,2000828,18,2007,28,"48.89046764025345, 2.3630673844512042"
2127,2000829,3,2007,2,"48.85904181030823, 2.359390434574127"
2129,2000876,13,2007,1,"48.82745797978903, 2.371876010652033"
2130,2000884,17,2007,29,"48.88880203033209, 2.3203691926361314"
2131,2000915,12,2007,23,"48.843264970006125, 2.4051955934609586"
2133,2000939,18,2007,22,"48.89580693986073, 2.347114226551144"
2134,2000973,20,2007,5,"48.85749009984334, 2.401620393308889"
2135,2000991,2,2007,11,"48.864834090210834, 2.3483318094472434"
2136,2002662,15,2007,1,"48.83817415017393, 2.305364044090512"
2137,2002666,16,2007,3,"48.836253130000784, 2.2599547010490304"
2138,2001038,19,2008,18,"48.89092969959822, 2.3818982832353073"
2139,2001043,20,2008,9,"48.86664731984994, 2.4058552404340614"
2140,2001046,9,2008,71,"48.880899749595564, 2.3314211524948303"
2141,2001074,11,2008,26,"48.86153623014506, 2.3747183764405966"
2142,2001075,12,2008,12,"48.835583700387815, 2.405857034482873"
2143,2001159,1,2008,12,"48.860472559895726, 2.347032423979994"
2145,2001168,1,2008,5,"48.86196319971961, 2.348674617219699"
2146,2001197,4,2008,15,"48.86055872971095, 2.349718617228968"
2147,2001207,4,2008,5,"48.86045998029243, 2.350965898619889"
2148,2001213,18,2008,25,"48.89385567989485, 2.332823631624526"
2149,2001217,17,2008,2,"48.88746645971919, 2.2975601223159545"
2151,2001440,17,2009,50,"48.888505190286516, 2.3144484350734906"
2154,2001592,11,2010,1,"48.861242460422176, 2.376604378425302"
2156,2001604,18,2010,36,"48.899421410438336, 2.3300325271913294"
2158,2001670,15,2010,1,"48.83244092031592, 2.3020121863952707"
2159,2001708,18,2010,80,"48.89396862011451, 2.3528976836460913"
2160,2001723,3,2010,8,"48.86880158994149, 2.3544259650972665"
2161,2001745,9,2010,20,"48.87583294004852, 2.3463686354856796"
2162,2001747,20,2010,42,"48.86712047981027, 2.403885101410223"
2163,2001749,10,2010,61,"48.87177617957877, 2.3553842674397814"
2164,2001757,18,2010,46,"48.88460913030737, 2.362272229364204"
2165,2001856,8,2011,35,"48.87810039982775, 2.322435372417591"
2166,2001860,1,2011,50,"48.86331293032678, 2.3422138411341993"
2167,2001882,17,2011,46,"48.89090517008558, 2.3169859996144213"
2168,2001927,13,2011,24,"48.82477744005341, 2.3675491193336446"
2169,2001941,18,2011,7,"48.88416347028324, 2.3526246545784426"
2170,2001978,18,2011,16,"48.883939600446595, 2.3380687390173134"
2171,2001993,15,2011,2,"48.84820656017613, 2.2864106193725284"
2173,2002084,16,2012,1,"48.840517640207, 2.2560111020824993"
2174,2002102,5,2012,1,"48.84348286023962, 2.3511907712847573"
2175,2002120,9,2012,1,"48.87959696024833, 2.346161165659855"
2177,2002130,17,2012,3,"48.890181229771706, 2.301120701601076"
2178,2002168,13,2012,20,"48.82342757010854, 2.349411738221391"
2179,2002193,15,2012,9,"48.84334903983213, 2.2811365295154062"
2180,2002204,15,2012,8,"48.840020590355046, 2.284930974136903"
2181,2002252,1,2013,8,"48.86634026037985, 2.3378782061304237"
2182,2002265,15,2013,24,"48.84130114997019, 2.283327503674603"
2183,2002267,16,2013,6,"48.8511871897906, 2.276229596541329"
2184,2002279,14,2013,189,"48.81695733963692, 2.333018762556649"
2185,2002283,17,2013,14,"48.89644429964506, 2.324349879170849"
2186,2002298,18,2013,12,"48.88953802032735, 2.3470671310812583"
2187,2002310,5,2013,32,"48.84826218985479, 2.3534912142156292"
2188,2002314,9,2013,29,"48.87558896956598, 2.329878799579554"
2191,2002361,18,2013,14,"48.889954989948855, 2.3482514811851414"
2192,2002384,13,2013,138,"48.83189712956178, 2.3634854181634553"
2193,2002391,15,2013,7,"48.830880459972256, 2.302323783435782"
2194,2002395,17,2013,54,"48.89270093987676, 2.318069039412622"
2195,2002422,15,2013,16,"48.84562463972783, 2.302719127319022"
2196,2002446,17,2013,11,"48.8914743304003, 2.316996413413033"
2197,2002474,20,2014,20,"48.857731799835754, 2.3926921846344826"
2198,2002495,12,2014,9,"48.84552071967279, 2.4060609685808196"
2199,2002503,16,2014,1,"48.841057409700156, 2.255241696574785"
2200,2002533,2,2014,17,"48.86664541971205, 2.3525283742582515"
2201,2002538,3,2014,58,"48.86102087993788, 2.3577789405005443"
2203,2002547,11,2014,33,"48.868091449707, 2.379096260592232"
2205,2002562,16,2014,295,"48.84956825993784, 2.275641161450308"
2206,2002564,17,2014,138,"48.886582870337506, 2.2925685723313944"
2207,2002576,19,2014,32,"48.87708490039549, 2.3773517712654315"
2208,2002585,19,2014,30,"48.898457989872234, 2.3714783025328896"
2209,2002687,10,2015,1,"48.87280363979673, 2.3585895783330755"
2210,2002740,20,2015,4,"48.8635403596288, 2.387979766206034"
2211,2002772,10,2015,2,"48.87930096030031, 2.3546426701240577"
2212,2002802,4,2015,7,"48.84794417972124, 2.364145835276975"
2213,2002817,10,2015,55,"48.871702930069034, 2.3538266932100385"
2214,2002888,15,2016,3,"48.834420870256864, 2.2961358784832075"
2215,2002895,3,2016,57,"48.85736470022947, 2.3663144770874593"
2216,2002938,15,2016,104,"48.83602020001913, 2.289541360344806"
2217,2002959,18,2016,41,"48.89284706990135, 2.3371142522830137"
2218,2002964,20,2016,20,"48.85055179978993, 2.3995488985073266"
2220,2002979,9,2016,13,"48.87903561997153, 2.341246957314861"
2221,2002983,11,2016,5,"48.85990521043384, 2.374966201642527"
2222,2003042,5,2016,2,"48.84137025964162, 2.3393726304810567"
2223,2003044,13,2016,1,"48.835704489716896, 2.3529285415674894"
2225,2003082,14,2017,220,"48.81696125005467, 2.334574799287111"
2227,2003167,18,2017,10,"48.89359659019199, 2.3404638490151224"
2229,2003186,13,2017,2,"48.82977677963916, 2.3589501963376116"
2231,2003220,6,2017,1,"48.85649171971973, 2.3372096030781386"
2232,2003257,19,2017,1,"48.87633745963769, 2.3824180610894605"
2233,2003279,9,2018,1,"48.87427347962763, 2.335847033362736"
2234,2003360,12,2018,1,"48.83539774014119, 2.39823617718455"
2235,2003371,5,2018,37,"48.839727879946054, 2.3546930335051552"
2236,2003397,12,2018,17,"48.83776985992656, 2.3921401453648"
2237,2003403,14,2018,6,"48.83105025989516, 2.3345618632385476"
2238,2003406,15,2018,14,"48.83603071007474, 2.2922563081477976"
2239,2003438,20,2018,1,"48.85593401009067, 2.397647875619809"
2240,2003493,18,2019,55,"48.88413995032346, 2.3340551654338935"
2242,2003527,11,2019,14,"48.854798239796544, 2.3815260585480336"
2245,2003758,11,2019,1,"48.85067767955478, 2.3792092444731114"
2246,2003759,11,2019,4,"48.864714980407314, 2.382678568670217"
2247,2003761,10,2019,1,"48.87206400959595, 2.3508190576212113"
2248,2003762,16,2019,2,"48.85420474986791, 2.2692662435580457"
2249,2003585,19,2020,2,"48.88270815041003, 2.379824494138947"
2250,2003591,10,2020,35,"48.875840950231165, 2.355558304293582"
2251,2003682,16,2020,61,"48.85180070039509, 2.277340089516578"
2254,2003724,19,2020,55,"48.87917841958715, 2.3754462164432995"
2255,2003769,20,2020,5,"48.86499981038197, 2.3934299250383786"
2256,2003770,20,2021,1,"48.86774612018834, 2.4074030442826015"
2257,2003776,20,2021,14,"48.8625590398105, 2.4007844125668187"
2258,2003782,11,2021,20,"48.85684453957596, 2.3854871083178026"
2259,2003822,20,2021,8,"48.86753023028173, 2.3927290650687802"
2260,2003854,15,2021,17,"48.842034210406965, 2.2920931514132494"
2261,CPE33,20,2021,17,"48.86368393031699, 2.4054920316497923"
2263,2003966,13,2022,1,"48.82241605967372, 2.362688013422228"
2264,2004004,18,2022,11,"48.8872229798039, 2.3513556440084487"
2265,2004036,12,2022,10,"48.84247142997959, 2.3988188164872755"
2266,2004047,11,2022,1,"48.86072730040161, 2.3872494853427764"
2267,CPE64,18,2022,62,"48.89724037979807, 2.336392068264092"
2268,CPE67,18,2022,9,"48.897689090364025, 2.340884890649137"
2269,CPE73,12,2022,65,"48.841723560282205, 2.390807582467844"
2270,2004074,16,2023,22,"48.85839878023146, 2.283285891516872"
2272,2004108,12,2023,20,"48.836945949908035, 2.407692410119408"
2274,2004134,18,2023,7,"48.88863193038653, 2.3516884844514783"
2275,2004136,15,2023,1,"48.83753972038896, 2.3060461014478943"
2276,2004140,11,2023,11,"48.857871790037, 2.379319194522805"
2277,2004146,15,2023,15,"48.834572760000064, 2.3011165196779215"
2278,2004148,19,2023,12,"48.877446810383475, 2.4013170444026395"
2279,2004152,2,2023,4,"48.86853111030901, 2.348254410281852"
2281,2004167,3,2023,11,"48.863016350127715, 2.3519400574852685"
2282,2004173,1,2023,6,"48.861794519932154, 2.349278370441171"
2283,2004184,11,2023,3,"48.86735184025038, 2.3763922371821287"
2286,2004099,20,2024,5,"48.862590970362255, 2.4111859305390397"
2287,2004192,16,2024,1,"48.83815484003172, 2.2628713416560395"
2288,2004210,20,2024,43,"48.86081629958437, 2.4060837211609947"
2289,2004220,15,2024,25,"48.84081258991427, 2.296533720377516"
2290,2004234,15,2024,9,"48.830149240433244, 2.304467488313637"
2291,2004235,13,2024,25,"48.833688280010065, 2.3488213700370637"
2292,2004258,19,2024,12,"48.88727367962138, 2.375457387368397"
2293,2004260,14,2024,10,"48.824677330171525, 2.339193865345831"
2294,2004267,11,2024,19,"48.86064169029901, 2.3794711455519257"
2295,2000014,8,2001,52,"48.880086069955425, 2.321376921494401"
2297,2000029,20,2001,86,"48.87473642957035, 2.397790229541138"
2299,2000059,20,2001,3,"48.862556559566876, 2.4007654015866966"
2300,2000093,11,2002,20,"48.8581079397792, 2.3824294804106696"
2301,2000096,16,2002,23,"48.8561442796728, 2.284814216382296"
2302,2000099,13,2002,46,"48.83021816023536, 2.349095519321726"
2303,2000100,11,2002,78,"48.864543740433916, 2.3838346140965383"
2304,2000105,11,2002,12,"48.859316050427466, 2.3687726575845534"
2305,2000147,18,2002,24,"48.89463903036073, 2.328804922323937"
2306,2000151,16,2002,1,"48.839311069772315, 2.2640485044582856"
2307,2000158,18,2002,6,"48.89739917002233, 2.3340631336231117"
2308,2000182,15,2002,48,"48.843270820293405, 2.315386014514726"
2309,2000239,19,2003,94,"48.88756519036457, 2.367255273336818"
2310,2000310,19,2004,11,"48.88514411966112, 2.381149052334555"
2311,2000317,17,2004,2,"48.8885571796989, 2.3159523864083233"
2312,2000353,9,2004,24,"48.87950157012378, 2.3349743073651825"
2313,2000374,20,2004,13,"48.85717172013891, 2.3954400099924724"
2314,2000425,19,2004,105,"48.88950017040228, 2.3701169064052223"
2315,2000429,18,2004,19,"48.89435471972249, 2.338638563057491"
2316,2000452,7,2005,10,"48.85044115038244, 2.3193982362139383"
2317,2000468,15,2005,30,"48.83639427004478, 2.300188750624035"
2318,2000503,11,2005,6,"48.85495335970259, 2.386668790030459"
2319,2000527,19,2005,2,"48.87691035042542, 2.40476588231297"
2321,2000566,10,2005,43,"48.879001900442475, 2.3544818130890643"
2322,2000571,20,2005,19,"48.863916280307876, 2.3877060373755974"
2324,2000751,2,2006,22,"48.86896023994559, 2.347261838443081"
2326,2000767,12,2007,32,"48.84652724974555, 2.40626606627324"
2327,2000780,8,2007,6,"48.87909581038675, 2.3175146742483648"
2328,2000791,11,2007,12,"48.859429310147256, 2.3824629224883376"
2329,2000825,18,2007,3,"48.89732893996033, 2.345301439341249"
2330,2000879,15,2007,64,"48.843769720056954, 2.2779027991539835"
2331,2000947,13,2007,10,"48.82471571981635, 2.3701007431190546"
2332,2000955,11,2007,24,"48.852482430444354, 2.3789840986505113"
2334,2000996,18,2007,5,"48.89292707041566, 2.3504516991041804"
2335,2002670,17,2007,1,"48.888265770293, 2.296831637301982"
2337,2001047,10,2008,4,"48.87401196034268, 2.3711613056375356"
2338,2001049,10,2008,8,"48.87353795037561, 2.3706185303085965"
2339,2001052,12,2008,23,"48.839619359682715, 2.3886128701807463"
2340,2001058,13,2008,48,"48.82327807004203, 2.3639737614674057"
2341,2001062,18,2008,4,"48.89544255983034, 2.328431411107041"
2342,2001063,18,2008,7,"48.85575918982003, 2.2941953336729073"
2343,2001066,17,2008,6,"48.88947583976798, 2.3004385350506737"
2344,2001083,18,2008,3,"48.88628796975252, 2.341270469435585"
2345,2001165,1,2008,10,"48.86258867024305, 2.348383833982338"
2346,2001184,3,2008,11,"48.85847077966709, 2.3636132446545437"
2348,2001299,14,2009,15,"48.830605230338676, 2.3406631933738002"
2350,2001382,20,2009,22,"48.8750692302918, 2.397985863253147"
2351,2001385,17,2009,3,"48.88869541001465, 2.299790099496081"
2353,2001424,18,2009,19,"48.887053929858865, 2.3461558336024253"
2354,2001434,15,2009,6,"48.832262349780095, 2.3068667113418098"
2355,2001439,13,2009,30,"48.833570929817846, 2.3602761234529765"
2356,2001448,4,2009,56,"48.857831749579475, 2.3558920173133884"
2357,2001450,20,2009,11,"48.85431635999227, 2.4001832276262323"
2358,2001454,9,2009,19,"48.88070473964719, 2.3377672052614824"
2359,2001473,19,2009,17,"48.88391632965685, 2.3739293404687576"
2360,2001524,17,2009,1,"48.893518789827, 2.317722724157805"
2361,2001561,10,2010,21,"48.87607728990829, 2.3717311406674004"
2362,2001574,2,2010,5,"48.87014022966163, 2.335226869274703"
2364,2001631,11,2010,3,"48.85639532011088, 2.381153382037368"
2365,2001636,20,2010,87,"48.869791639631416, 2.393619821173363"
2366,2001651,16,2010,1,"48.83672485973702, 2.2602756573159213"
2367,2001674,1,2010,14,"48.862514350188384, 2.349602667630183"
2368,2001682,17,2010,100,"48.889324609686305, 2.3091384965151787"
2372,2001761,19,2010,36,"48.885132919695536, 2.365762103558596"
2373,2001766,20,2010,30,"48.85581309958218, 2.402295878340019"
2374,2001771,16,2010,1,"48.82692323989915, 2.3542488944391966"
2375,2001782,18,2010,2,"48.89017025041513, 2.3546214346062855"
2376,2001783,18,2010,3,"48.89053190975761, 2.3282693755324066"
2378,2001804,11,2010,20,"48.86207121965981, 2.3823966604766325"
2380,2001830,17,2011,21,"48.88433442967454, 2.3247411020962643"
2381,2001838,18,2011,52,"48.88592404003741, 2.3522948015118184"
2382,2001915,17,2011,1,"48.886579590055554, 2.2925502366144053"
2383,2001922,1,2011,8,"48.86047103985857, 2.343193677251169"
2384,2001979,18,2011,26,"48.89150381024317, 2.3379858722346505"
2385,2001988,11,2011,26,"48.852410990160244, 2.390718845330732"
2389,2002111,10,2012,11,"48.88276491016595, 2.3505004542474968"
2391,2002152,20,2012,11,"48.86862057012204, 2.3993558345614576"
2392,2002180,13,2012,375,"48.831590719785524, 2.360619041525569"
2393,2002197,20,2012,47,"48.85514369022911, 2.4070402661771997"
2394,2002219,12,2012,8,"48.8376816997429, 2.3905774485453604"
2395,2002240,18,2012,1,"48.894987489891314, 2.344850927439902"
2398,2002302,17,2013,10,"48.88259121981024, 2.3023176263398524"
2400,2002414,10,2013,30,"48.87674580994394, 2.366749217387008"
2401,2002440,20,2013,5,"48.85314773995983, 2.4091326734615492"
2404,2002504,16,2014,1,"48.83968020031301, 2.255583881600853"
2407,2002651,18,2014,1,"48.88704106011482, 2.3532791573614458"
2408,2002688,10,2015,1,"48.875204949735455, 2.369821089519712"
2409,2002714,10,2015,14,"48.870356059757455, 2.371946591486942"
2411,2002755,20,2015,8,"48.86419861001976, 2.4079238835578245"
2413,2002788,15,2015,11,"48.838837820157835, 2.2900659973621713"
2415,2002840,17,2015,12,"48.88922507032727, 2.2933631553216838"
2416,2002855,20,2015,6,"48.86617187964337, 2.3951158853348287"
2417,2002881,7,2016,1,"48.85257780024398, 2.2989467854960357"
2418,2002883,15,2016,1,"48.83548812002678, 2.2947127991698357"
2419,2002921,13,2016,210,"48.82591698985675, 2.3824671245972295"
2420,2002925,12,2016,12,"48.83372189023566, 2.4018602393455977"
2421,2002955,16,2016,10,"48.85714333998163, 2.2777541563867643"
2423,2002975,3,2016,30,"48.86487517005574, 2.3632686505105793"
2424,2002985,12,2016,2,"48.8454291899405, 2.3686035363827767"
2425,2002999,18,2016,12,"48.88306955971418, 2.3362384514369254"
2426,2003047,14,2016,23,"48.82699279037381, 2.31412785059304"
2427,2003063,13,2017,6,"48.82225009988175, 2.3661842796005725"
2429,2003073,4,2017,16,"48.86081320004047, 2.3536628419733328"
2431,2003084,11,2017,64,"48.86635836983906, 2.3813628302435905"
2432,2003092,20,2017,1,"48.86444701006701, 2.407630659435884"
2433,2003124,19,2017,44,"48.88798062995184, 2.3906657345202404"
2434,2003133,10,2017,2,"48.87385082968566, 2.362297132496711"
2436,2003149,17,2017,20,"48.88741791011556, 2.3133952660852093"
2437,2003163,18,2017,6,"48.89348048014752, 2.3637620385597593"
2438,2003172,15,2017,9,"48.84258485980027, 2.280422757507926"
2442,2003296,19,2018,14,"48.87752770968455, 2.40428748805345"
2443,2003309,8,2018,52,"48.880290540240864, 2.3191869226242865"
2444,2003314,11,2018,1,"48.86814750008387, 2.3752659934779867"
2445,2003315,11,2018,36,"48.855906809951286, 2.378983449438179"
2446,2003336,19,2018,5,"48.8914726096654, 2.3809909400606735"
2447,2003355,2,2018,19,"48.864615970236116, 2.3468305034078774"
2448,2003385,17,2018,1,"48.88815834012251, 2.2973022915431502"
2449,2003404,14,2018,16,"48.83104168001389, 2.3411378033738157"
2450,2003425,6,2018,42,"48.84581784007072, 2.3224088426626097"
2451,2003454,13,2018,53,"48.82626776027174, 2.35833623566532"
2452,2003490,13,2019,2,"48.833592449757596, 2.348576162492951"
2455,2003540,11,2019,5,"48.85453386990613, 2.3824911804658866"
2458,2003558,14,2019,8,"48.83482874985881, 2.3207314335888722"
2459,2003668,20,2019,14,"48.86742308962995, 2.402817930475722"
2460,2003676,20,2019,1332,"48.85733338016079, 2.410238774102589"
2461,2003705,20,2019,30,"48.86641282983177, 2.405523772031457"
2462,2003707,15,2019,25,"48.839657140101984, 2.2840291483737816"
2463,2003243,10,2020,1,"48.87565656955417, 2.3701447824790396"
2464,2003460,13,2020,1,"48.823061209829866, 2.3775106810527404"
2466,2003826,12,2021,23,"48.836330820084896, 2.3939934103657246"
2468,CPE48,8,2021,25,"48.87677321969288, 2.323144308385612"
2469,CPE49,15,2021,51,"48.85167170016695, 2.291218198482865"
2471,CPE76,18,2022,46,"48.89117034987507, 2.3430712670441807"
2472,CPE81,20,2022,100,"48.86879573974207, 2.3939959104441058"
2474,2004098,14,2023,8,"48.82103582040293, 2.3425847570085314"
2475,2004110,13,2023,23,"48.83466230955505, 2.3644460894324895"
2476,2004131,15,2023,5,"48.83905080010723, 2.3102289164686183"
2477,2004135,9,2023,15,"48.87990996001068, 2.335029771463499"
2478,2004156,12,2023,10,"48.842844419798546, 2.3864905953933215"
2479,2004182,20,2023,1,"48.86896550015011, 2.4101181476195257"
2481,CPE102,12,2023,14,"48.84299863977761, 2.385693653107773"
2483,2004218,19,2024,1,"48.883591850258625, 2.3805684535353566"
2484,2004230,12,2024,110,"48.84283181036834, 2.402427596242932"
2485,2004238,5,2024,23,"48.839404500415355, 2.3399200434690846"
2486,2004243,6,2024,8,"48.844920829728714, 2.3213795635159"
2487,2004244,20,2024,12,"48.851933149555556, 2.4012053565667237"
2488,2004265,18,2024,26,"48.89597251993477, 2.3597533325435136"
2489,2000027,18,2001,18,"48.88430787972919, 2.3530234142680833"
2490,2000038,11,2001,9,"48.85789327016752, 2.3881970465654563"
2491,2000061,10,2001,3,"48.88371484002899, 2.359400215087427"
2493,2000098,10,2002,17,"48.883652369889006, 2.3647589075542927"
2494,2000102,14,2002,35,"48.83673414034926, 2.320552377497336"
2495,2000107,11,2002,29,"48.85598262025821, 2.380748088362444"
2496,2000116,17,2002,22,"48.882768930277166, 2.2979319873101764"
2497,2000117,8,2002,94,"48.873810549789006, 2.304146066495313"
2498,2000123,10,2002,28,"48.872334919746145, 2.3713521593478992"
2499,2000125,12,2002,42,"48.839056600180584, 2.402618774313649"
2502,2000224,15,2003,44,"48.83631856009006, 2.312479782204134"
2503,2000255,11,2003,7,"48.87096622957637, 2.3741499426201234"
2504,2000277,11,2003,13,"48.86394821008894, 2.3723131395320274"
2505,2000284,20,2003,1,"48.87076168995177, 2.392967078625055"
2506,2000298,13,2004,9,"48.83816781035095, 2.37269844045032"
2507,2000336,5,2004,13,"48.849751360441076, 2.3464681505164813"
2508,2000350,11,2004,6,"48.86510420020082, 2.371040668242875"
2509,2000375,18,2004,9,"48.89529247999788, 2.347505066334917"
2510,2000387,20,2004,37,"48.850523419806855, 2.407536243157418"
2512,2000400,19,2004,56,"48.88486902959648, 2.366153090592229"
2513,2000420,18,2004,19,"48.889768809709125, 2.3521523830692668"
2514,2000426,18,2004,42,"48.895030369889604, 2.336638773397489"
2515,2000461,19,2005,4,"48.88616637020819, 2.367023883132792"
2518,2000510,10,2005,5,"48.87667651967996, 2.3540245484716498"
2519,2000585,15,2005,176,"48.834946239984234, 2.288623165322643"
2520,2000589,19,2005,30,"48.88051210992151, 2.37053479422561"
2522,2000615,19,2006,5,"48.88435818989451, 2.3679877934321705"
2523,2000636,8,2006,10,"48.87761292989045, 2.3226958952260843"
2524,2000642,14,2006,200,"48.830521840432496, 2.312959493594212"
2525,2000669,20,2006,3,"48.873789719686464, 2.3899900846180078"
2526,2000678,15,2006,48,"48.84144877031721, 2.2808327145279845"
2527,2000683,11,2006,56,"48.86499969009491, 2.3677109933214324"
2528,2000692,18,2006,19,"48.88682392025601, 2.3518418044266465"
2529,2000700,20,2006,1,"48.85463694010599, 2.3987835051099395"
2533,2000778,18,2007,3,"48.8927848701096, 2.3514112923396517"
2534,2000785,20,2007,6,"48.85564231024913, 2.4043083155764218"
2535,2000802,15,2007,13,"48.83996850995538, 2.2863087055881435"
2536,2000824,10,2007,1,"48.87239946014138, 2.3618953191830685"
2537,2000861,14,2007,16,"48.83967700003869, 2.3298636705068523"
2538,2000875,3,2007,1,"48.86151954029664, 2.3563748276423775"
2539,2000881,18,2007,5,"48.893604920024714, 2.361222521100496"
2540,2000882,17,2007,31,"48.82601102030261, 2.329315300518592"
2541,2000883,13,2007,1,"48.82614940977133, 2.371618404424695"
2542,2000888,18,2007,33,"48.88832138032871, 2.3607935746211894"
2543,2000905,15,2007,15,"48.85070555993575, 2.291966868080587"
2544,2000910,18,2007,8,"48.89051182960152, 2.350809744615449"
2545,2000916,14,2007,14,"48.83185390994097, 2.3102761944643633"
2546,2000944,14,2007,1,"48.82608306997586, 2.3135619310581097"
2547,2000967,18,2007,19,"48.89444967011738, 2.3354203671058498"
2548,2000985,17,2007,22,"48.86489415014282, 2.348988995502985"
2549,2001002,11,2007,10,"48.86662560040201, 2.3800643935103962"
2550,2001017,15,2007,141,"48.854086969607906, 2.2895373275743385"
2551,2002660,13,2007,2,"48.83205895965978, 2.3688869465797215"
2552,2001020,10,2008,22,"48.87150114972651, 2.3751850085636868"
2553,2001030,20,2008,9,"48.85575350016468, 2.4041872916344187"
2554,2001065,17,2008,7,"48.88935788019271, 2.317104871184866"
2555,2001068,10,2008,69,"48.87884528006634, 2.3645978525275644"
2556,2001091,16,2008,37,"48.857464579917554, 2.284244444444016"
2557,2001109,10,2008,25,"48.87281537956251, 2.3662742776317787"
2558,2001116,13,2008,1,"48.82857825035309, 2.370149660514552"
2559,2001161,1,2008,4,"48.86201323984918, 2.3428786913463115"
2560,2001175,1,2008,6,"48.86249221039339, 2.348236273274152"
2561,2001181,3,2008,8,"48.858632629724575, 2.362679178291493"
2563,2001226,18,2008,1,"48.88760574982751, 2.3502948205993976"
2564,2001240,20,2008,3,"48.87183345025728, 2.3808987854174424"
2565,2001247,18,2008,32,"48.89499877975219, 2.3487093786564044"
2566,2001280,20,2008,19,"48.86883822998274, 2.4048354494989606"
2567,2001298,18,2009,54,"48.88456218019746, 2.3333246774509457"
2568,2001301,18,2009,13,"48.895594419847434, 2.352687532142194"
2570,2001358,20,2009,24,"48.857524719829804, 2.4007116844144627"
2571,2001363,15,2009,37,"48.84672387034462, 2.2992200455948955"
2572,2001375,3,2009,12,"48.86507974973132, 2.3532344524282798"
2574,2001383,15,2009,1,"48.83823091027692, 2.311209522608098"
2575,2001391,20,2009,2,"48.855467759600195, 2.411649187617737"
2576,2001409,11,2009,31,"48.86706344958283, 2.375997416556003"
2577,2001452,11,2009,4,"48.85591188010611, 2.3910065743687032"
2578,2001460,11,2009,3,"48.86855499973323, 2.3237222193346487"
2579,2001481,19,2009,8,"48.88590779972004, 2.381513736469639"
2580,2001511,18,2009,19,"48.850680060139126, 2.349792622168483"
2581,2001531,13,2009,4,"48.829021150325254, 2.343015511380374"
2583,2001547,18,2009,1,"48.88533807029368, 2.3279955771765226"
2584,2001549,18,2009,10,"48.88996204009912, 2.3557581125017215"
2585,2001553,9,2009,14,"48.872478680287536, 2.326675583606387"
2586,2001567,11,2010,4,"48.853489490368986, 2.394558627455289"
2587,2001576,4,2010,15,"48.8526353496212, 2.3600160434104267"
2591,2001625,17,2010,2,"48.884169660230086, 2.288558732399418"
2592,2001662,15,2010,3,"48.82964173013083, 2.2925205944050675"
2593,2001672,18,2010,24,"48.88793237034783, 2.3608411035778762"
2594,2001678,10,2010,7,"48.88360936984431, 2.364852050271913"
2595,2001737,14,2010,12,"48.83391659043254, 2.3308916763416954"
2597,2001777,18,2010,38,"48.889956670397595, 2.361831352333776"
2598,2001784,18,2010,8,"48.89133495994034, 2.3389074793776774"
2599,2001814,13,2010,64,"48.82602048043032, 2.379100858590256"
2603,2001877,10,2011,70,"48.873604309895505, 2.3568889816402834"
2604,2001899,20,2011,47,"48.85123064013553, 2.4115778633697342"
2605,2001904,14,2011,56,"48.82485459995397, 2.3240353883541474"
2606,2001926,11,2011,105,"48.85328533005146, 2.3965842030327544"
2607,2001947,20,2011,15,"48.86779226029771, 2.3895391853999435"
2608,2001955,4,2011,9,"48.853436430128525, 2.3606793010830196"
2609,2001961,4,2011,95,"48.85284407028686, 2.3608355264336542"
2610,2001966,5,2011,33,"48.84324008025954, 2.3500513912073973"
2611,2001976,15,2011,27,"48.83872758963887, 2.311522703433177"
2612,2001977,17,2011,22,"48.88125497002204, 2.287460372305039"
2613,2002005,20,2011,8,"48.858816389598, 2.402334451981786"
2614,2002059,13,2012,1,"48.82071276008847, 2.3644501115975673"
2616,2002087,17,2012,48,"48.88930798008441, 2.3146116125912704"
2617,2002103,4,2012,70,"48.84870249028374, 2.364500613572272"
2618,2002140,13,2012,1,"48.82277188981232, 2.375672393566449"
2620,2002154,17,2012,19,"48.89728994964645, 2.3180976874624295"
2621,2002169,20,2012,390,"48.87175845005278, 2.408400827335492"
2622,2002223,18,2012,31,"48.89435849988666, 2.347101827406849"
2623,2002235,12,2012,1,"48.83989635986054, 2.393785008498088"
2624,2002243,13,2013,104,"48.82802771019511, 2.376540462065024"
2626,2002261,15,2013,36,"48.84860293026278, 2.2873489243304452"
2628,2002270,17,2013,79,"48.89210620970246, 2.309211410352573"
2629,2002275,19,2013,30,"48.88666383957003, 2.3815907674105694"
2630,2002278,18,2013,10,"48.89262844960405, 2.363538982558257"
2632,2002338,15,2013,12,"48.82971618988459, 2.3018465924767955"
2633,2002376,9,2013,12,"48.872539090129735, 2.343801678046959"
2634,2002377,9,2013,22,"48.87494447978116, 2.3429165815819393"
2636,2002406,20,2013,74,"48.85572731982792, 2.406607396155088"
2637,2002415,12,2013,33,"48.84860755955791, 2.377706965341942"
2641,2002616,17,2014,41,"48.89473477042223, 2.3137061254720543"
2643,2002639,11,2014,10,"48.85438854986348, 2.381796340189557"
2644,2002698,17,2015,1,"48.89345563973476, 2.3170709005008376"
2646,2002739,20,2015,1,"48.849895920241934, 2.4054955070754325"
2647,2002822,12,2015,202,"48.84460188030828, 2.3778115345582327"
2648,2002827,14,2015,94,"48.82308777993645, 2.324545450332368"
2649,2002835,17,2015,12,"48.895147780361015, 2.316678488357465"
2650,2002887,15,2016,7,"48.83632516962864, 2.2975802156011347"
2651,2002891,17,2016,1,"48.8889020698337, 2.303689847372348"
2653,2002899,11,2016,1,"48.85716195982818, 2.392797912406052"
2654,2002902,12,2016,112,"48.834993939609994, 2.406876263212063"
2656,2002912,20,2016,1,"48.86326972977042, 2.389416191367861"
2657,2002940,10,2016,10,"48.870987420188975, 2.352900558523082"
2658,2002949,12,2016,1136,"48.83389326000993, 2.4041038965363635"
2659,2002995,14,2016,13,"48.83589413038388, 2.3274349694281717"
2660,2003006,18,2016,40,"48.89620189998195, 2.357037678050714"
2661,2003014,10,2016,1,"48.8735313695836, 2.370812972094122"
2662,2003017,11,2016,5,"48.86800708038829, 2.373208087502883"
2663,2003021,12,2016,4,"48.84651596965602, 2.387721136371573"
2664,2003024,13,2016,433,"48.83359793975757, 2.3684582493536417"
2665,2003027,18,2016,11,"48.89446201956221, 2.3432521213048196"
2667,2003089,4,2017,2,"48.861120150084346, 2.3499023044960485"
2668,2003174,11,2017,26,"48.85319914989905, 2.3794590645951894"
2669,2003188,19,2017,226,"48.888817819780314, 2.36799356032688"
2670,2003205,10,2017,51,"48.873274720049714, 2.359781699267827"
2671,2003271,2,2018,1,"48.869399529784815, 2.3505728082361674"
2672,2003284,12,2018,2,"48.84521737988127, 2.4015527160035304"
2673,2003298,20,2018,7,"48.86396437002338, 2.4029489221250087"
2674,2003300,20,2018,39,"48.86993296985675, 2.3810464674677827"
2675,2003331,18,2018,2,"48.88589499024386, 2.334869734138486"
2676,2003337,20,2018,138,"48.86306781959046, 2.3886261631926473"
2677,2003356,15,2018,3,"48.83150369000539, 2.306493018106886"
2678,2003364,11,2018,84,"48.86220891000852, 2.3682606396009733"
2679,2003366,18,2018,7,"48.88487682000528, 2.355508664395618"
2682,2003456,13,2018,405,"48.82658425959313, 2.344328272363677"
2685,2003484,12,2019,42,"48.84531557998789, 2.404474482522717"
2687,2003497,12,2019,20,"48.838631200145976, 2.399589544974681"
2688,2003534,18,2019,152,"48.90053270956003, 2.3519611233827695"
2689,2003641,20,2019,7,"48.87183001987835, 2.3828255324963243"
2690,2003747,18,2019,49,"48.888522720042026, 2.3548931683461602"
2693,2003620,17,2020,2,"48.89361850995051, 2.3174229430747135"
2695,2003692,19,2020,1,"48.88647348030577, 2.3955031494254246"
2696,2003712,10,2020,18,"48.87298275000108, 2.3546424653627804"
2697,2003727,17,2020,32,"48.89505580976461, 2.317715008668519"
2698,2003748,12,2020,55,"48.83933631988762, 2.387616692304902"
2699,2003775,18,2021,8,"48.89041387001034, 2.3632509024901966"
2701,2003838,18,2021,22,"48.88669685011627, 2.353011643206848"
2702,CPE45,1,2021,6,"48.86328015033856, 2.348159991399545"
2704,2004000,11,2022,16,"48.86825761033133, 2.371917785321565"
2705,2004003,10,2022,19,"48.883462149767844, 2.3651684495160374"
2706,CPE61,15,2022,28,"48.843060679561795, 2.279246009628391"
2707,2004085,11,2023,36,"48.85832023021164, 2.383242006356581"
2708,2004125,5,2023,12,"48.84727107971243, 2.3523883275081943"
2709,2004126,13,2023,12,"48.8273918904437, 2.3518038711354103"
2710,2004145,16,2023,1,"48.843063149570824, 2.2556668865846996"
2711,2004056,11,2024,1,"48.856894639741014, 2.3831478581171095"
2713,2004214,11,2024,12,"48.853113949585214, 2.3907866460291745"
2714,2004219,19,2024,23,"48.877869960343695, 2.391314259055182"
2716,2004224,17,2024,5,"48.88723212029395, 2.2953501974953308"
2717,2004233,18,2024,13,"48.88879557031912, 2.3333629815499273"
2719,2004271,15,2024,30,"48.83891633992608, 2.2781401576202596"
2720,2004279,13,2024,143,"48.826622239840006, 2.3801075341863966"
2722,2000010,15,2001,7,"48.82927570976431, 2.302603947426846"
2723,2000082,10,2001,59,"48.88072505001713, 2.3598602194174156"
2724,2000085,8,2001,14,"48.87382490022815, 2.31762880030886"
2725,2000124,17,2002,18,"48.88685361994116, 2.314247045656235"
2726,2000130,20,2002,34,"48.864549160243385, 2.4013819364004014"
2727,2000135,19,2002,1,"48.89374369040934, 2.3742250451410047"
2728,2000140,18,2002,6,"48.88495625968166, 2.353275483405198"
2729,2000143,19,2002,20,"48.88537915038424, 2.3660265854157285"
2730,2000238,19,2003,21,"48.885501909812156, 2.382549030236464"
2731,2000257,17,2003,6,"48.88696322992107, 2.3253806673737962"
2732,2000285,10,2003,24,"48.87207222972311, 2.3626099784400973"
2733,2000330,17,2004,29,"48.88410880014419, 2.317534474329574"
2734,2000349,6,2004,8,"48.853587390056305, 2.342931501282847"
2735,2000361,17,2004,11,"48.89421986973641, 2.319534401168758"
2736,2000364,18,2004,4,"48.89577689969595, 2.3482790123653903"
2738,2000399,2,2004,8,"48.87042537002672, 2.3448754521761868"
2739,2000402,11,2004,43,"48.85176768037713, 2.384726779478451"
2740,2000406,10,2004,17,"48.88173646999061, 2.363759928235587"
2743,2000431,9,2004,17,"48.87148184997004, 2.3347540560429803"
2744,2000435,18,2004,6,"48.89491122961325, 2.339308651096952"
2745,2000437,19,2004,6,"48.88516784014574, 2.3704193841663046"
2746,2000449,19,2004,5,"48.89372489024199, 2.3744863624715005"
2748,2000498,19,2005,400,"48.901739030288326, 2.3851525744529685"
2749,2000516,3,2005,8,"48.8630290099667, 2.3542996852234457"
2750,2000537,18,2005,25,"48.88519712978044, 2.3506406323486955"
2751,2000543,18,2005,5,"48.88700296999061, 2.3523774964618354"
2752,2000554,10,2005,31,"48.87185078986371, 2.3606719485250633"
2753,2000574,9,2005,17,"48.87518790024709, 2.343110197440122"
2755,2000593,19,2005,7,"48.8787602604464, 2.3705731180723157"
2756,2000597,10,2005,1,"48.870133440217906, 2.3549458840483903"
2758,2000651,17,2006,30,"48.891473300213946, 2.3023952913234615"
2759,2000652,20,2006,2,"48.868497810225385, 2.3988962595002175"
2760,2000658,11,2006,4,"48.85388179971245, 2.3728518554494475"
2761,2000697,18,2006,17,"48.88420862008225, 2.3521082353395384"
2762,2000717,19,2006,2,"48.87694667985614, 2.387918107478992"
2763,2000748,13,2006,20,"48.83683824984197, 2.349466849488743"
2765,2000768,12,2007,26,"48.8459274797455, 2.394658252421118"
2766,2000779,8,2007,35,"48.8773315699678, 2.326806454069394"
2767,2000799,11,2007,5,"48.85537230977731, 2.3705767993636484"
2768,2000806,1,2007,15,"48.86449752984379, 2.3361069291228143"
2770,2000868,15,2007,58,"48.84194090969168, 2.3193044606718924"
2773,2000925,13,2007,54,"48.82072088970565, 2.3724842604864795"
2775,2000954,1,2007,2,"48.86605964971768, 2.3333159735235935"
2776,2000988,9,2007,48,"48.876193080424784, 2.3366813624222633"
2777,2000998,20,2007,18,"48.87312672957844, 2.382084340989628"
2779,2001056,11,2008,18,"48.855124109715156, 2.381311283548159"
2780,2001079,17,2008,10,"48.88888600006869, 2.3221968584629877"
2781,2001157,1,2008,17,"48.86116881966479, 2.3479454883368156"
2782,2001158,1,2008,10,"48.86175290030559, 2.3482564131963968"
2783,2001198,4,2008,12,"48.8592919998348, 2.350855638459391"
2785,2001229,14,2008,15,"48.82552408000075, 2.3188695473035232"
2786,2001242,20,2008,3,"48.87402779963912, 2.3955541214247416"
2787,2001273,18,2008,2,"48.89140722996667, 2.33959711835456"
2788,2001285,20,2008,10,"48.87584594976785, 2.4018504126077453"
2789,2001297,20,2009,23,"48.86924350958259, 2.3968640634039944"
2790,2001314,16,2009,10,"48.83738979004749, 2.25943713333157"
2791,2001317,20,2009,10,"48.849932240076086, 2.3996686824150517"
2792,2001320,11,2009,30,"48.86109236983647, 2.385987251967703"
2794,2001333,15,2009,1,"48.828796559760754, 2.299479731404975"
2795,2001344,19,2009,37,"48.89824992040552, 2.385386583299946"
2796,2001355,10,2009,15,"48.873831110355695, 2.3705603695240636"
2798,2001374,3,2009,3,"48.86143522015643, 2.35774380611487"
2800,2001427,11,2009,1,"48.854041799873634, 2.3921675616370703"
2801,2001490,20,2009,2,"48.85666102975564, 2.4019020092742482"
2802,2001498,18,2009,4,"48.88999373035863, 2.3614568053206146"
2804,2001527,13,2009,34,"48.83061996967948, 2.3414329240775746"
2805,2001541,18,2009,18,"48.894803560276834, 2.3526905876483073"
2806,2001559,20,2010,200,"48.848436230410194, 2.3997240723563884"
2807,2001566,8,2010,17,"48.875499039736326, 2.3042932673320524"
2809,2001608,20,2010,47,"48.87124063000465, 2.401249550484363"
2810,2001652,17,2010,1,"48.88864313960865, 2.2987284563696266"
2811,2001655,10,2010,32,"48.883323899984774, 2.360820717078471"
2814,2001754,18,2010,20,"48.883007289574635, 2.339602980590124"
2815,2001772,17,2010,1,"48.894808260430764, 2.318825770462946"
2816,2001808,11,2010,14,"48.86982775037972, 2.3748954664324033"
2818,2001820,18,2010,8,"48.88688319025998, 2.352236137470744"
2819,2001829,12,2010,27,"48.839673970302876, 2.388545222648524"
2820,2001834,4,2011,4,"48.86001203966326, 2.3543869885673447"
2821,2001867,12,2011,1,"48.85780621981794, 2.351460987223665"
2822,2001871,15,2011,27,"48.84535062990101, 2.282919352553574"
2824,2001921,15,2011,30,"48.84470574028003, 2.2870138803556648"
2826,2001981,18,2011,20,"48.88530180040179, 2.3391731615172606"
2827,2002007,18,2011,3,"48.89265287991525, 2.3628147385460037"
2828,2002057,13,2012,182,"48.831101540372316, 2.366168423318166"
2831,2002110,13,2012,1,"48.829130909972655, 2.358047668407555"
2832,2002251,20,2013,18,"48.868650650129034, 2.3863759343716273"
2833,2002273,20,2013,50,"48.875805919990036, 2.412355355220832"
2835,2002323,11,2013,1,"48.861242460325165, 2.376604532451101"
2836,2002330,12,2013,1,"48.834199539876586, 2.4037480795392563"
2837,2002383,13,2013,4,"48.82220859033667, 2.3573212182942305"
2838,2002385,13,2013,10,"48.838073330106354, 2.3725716726494674"
2839,2002397,17,2013,19,"48.892085929763475, 2.3188105264954872"
2840,2002413,20,2013,121,"48.875025989904465, 2.4118810444368517"
2841,2002431,17,2013,48,"48.892295729774894, 2.316946934331923"
2842,2002432,18,2013,15,"48.88695603992798, 2.361192550041375"
2843,2002491,11,2014,1,"48.85677457986153, 2.379054296409896"
2844,2002515,17,2014,2,"48.878479929820685, 2.2848344971954377"
2846,2002549,12,2014,1,"48.83621363965227, 2.4078306491002777"
2847,2002554,13,2014,94,"48.82772070016762, 2.3783017041797803"
2848,2002597,9,2014,29,"48.88317650036535, 2.3310685250682974"
2849,2002606,13,2014,21,"48.82795188985051, 2.371114935578734"
2850,2002610,15,2014,14,"48.84360262963016, 2.3015254675268433"
2854,2002677,17,2015,6,"48.8908006295562, 2.3200799526136278"
2855,2002692,10,2015,1,"48.88342159965144, 2.3641710233601807"
2856,2002694,10,2015,1,"48.87365241024168, 2.3586747533453365"
2858,2002737,20,2015,1,"48.84954659020564, 2.4051542150642553"
2859,2002775,11,2015,12,"48.865405029850194, 2.3683791075912928"
2860,2002797,18,2015,19,"48.89376961995447, 2.3506346983589457"
2861,2002836,17,2015,9,"48.891102619585354, 2.320807149500456"
2862,2002839,17,2015,9,"48.88726633020027, 2.3235520714798037"
2863,2002844,18,2015,6,"48.89617857978687, 2.330170636327304"
2865,2002923,11,2016,17,"48.86882267994439, 2.377690667241493"
2867,2002960,18,2016,1,"48.88936828976361, 2.3601012004013824"
2868,2002981,10,2016,15,"48.87818722034468, 2.3560330426081673"
2869,2003016,11,2016,1,"48.852934999698114, 2.3864227476237088"
2870,2003018,11,2016,1,"48.86494209980676, 2.382401680641439"
2871,2003057,13,2017,145,"48.82234681009508, 2.372302201426695"
2872,2003076,9,2017,6,"48.876107309961235, 2.3349078505492713"
2873,2003102,19,2017,18,"48.88865416032986, 2.3737839220066506"
2874,2003159,19,2017,1,"48.883232240396396, 2.395446562627857"
2875,2003164,16,2017,34,"48.851655890214374, 2.2660623845828876"
2876,2003181,12,2017,1,"48.845520729811994, 2.4123585575783832"
2877,2003208,1,2017,1,"48.86201262987652, 2.349385278141846"
2878,2003209,1,2017,1,"48.86193789035923, 2.3491670841733856"
2879,2003210,3,2017,1,"48.86007188009535, 2.3624592592603086"
2880,2003232,10,2017,1,"48.87332377999033, 2.370307503093798"
2881,2003245,10,2017,21,"48.871817040095465, 2.370380074098364"
2882,2003270,2,2018,1,"48.86577219008281, 2.345325841168542"
2883,2003276,9,2018,1,"48.87257949974852, 2.3477972985337634"
2884,2003306,13,2018,140,"48.82685282998821, 2.384413870364806"
2885,2003391,20,2018,26,"48.85175735962741, 2.4072540954932986"
2886,2003394,10,2018,13,"48.87867806042444, 2.3555684800692194"
2887,2003453,13,2018,103,"48.83426106983096, 2.3456704743373487"
2889,2003524,11,2019,60,"48.86270072003894, 2.3864292645735183"
2890,2003549,14,2019,16,"48.836705019956, 2.3242886893278016"
2891,2003671,12,2019,114,"48.83564331013047, 2.3966526986653127"
2894,2003654,12,2020,14,"48.84640417998748, 2.4082364261798404"
2895,2003657,11,2020,10,"48.85690613042348, 2.3869936375898746"
2896,2003678,20,2020,12,"48.868833580303516, 2.395572104510695"
2897,2003680,17,2020,17,"48.876878589578965, 2.2951716754541014"
2898,2003755,11,2020,104,"48.853476749925356, 2.3796193124066516"
2899,2003798,18,2021,26,"48.8951280301156, 2.3477108850486315"
2900,2003799,20,2021,18,"48.87406736995001, 2.391031470554795"
2901,2003830,13,2021,15,"48.83009337016487, 2.356620582509071"
2902,2003844,20,2021,24,"48.87117174974695, 2.3927253284501258"
2903,CPE22,20,2021,43,"48.8574888400929, 2.3990318562008537"
2904,CPE42,1,2021,6,"48.86613625988511, 2.3392683963091807"
2906,CPE47,4,2021,3,"48.85193028004209, 2.3565157442821176"
2907,CPE52,14,2021,82,"48.83455253039366, 2.318999087382144"
2911,2004106,15,2023,45,"48.84440816016032, 2.3079645363000503"
2914,2004154,11,2023,16,"48.855997630228565, 2.374080544596852"
2915,2004159,18,2023,17,"48.897143870317684, 2.344202355459995"
2916,CPE104,20,2023,22,"48.85491906959839, 2.4016622395742218"
2917,CPE98,20,2023,73,"48.85416432977314, 2.4023510405846444"
2920,2004193,6,2024,28,"48.84180219991361, 2.335490423511429"
2921,2004208,9,2024,22,"48.87957827991781, 2.348472178625235"
2922,2004256,4,2024,7,"48.85393745021048, 2.364329816576258"
2923,2004270,15,2024,34,"48.83914536020194, 2.2783976565839046"
2924,2004273,11,2024,47,"48.85482293034547, 2.3897716673014746"
2925,2000011,12,2001,62,"48.83399817959342, 2.398175442412243"
2926,2000035,19,2001,18,"48.8783619998301, 2.3895183752327043"
2927,2000044,20,2001,6,"48.85500366971155, 2.403865260493333"
2928,2000048,10,2001,28,"48.86880747974437, 2.366804047083707"
2929,2000062,14,2001,38,"48.83049983027532, 2.3237456731730535"
2930,2000069,19,2001,8,"48.87762006986145, 2.4058740213411878"
2931,2000071,15,2001,18,"48.84517205042952, 2.285676146237858"
2932,2000086,9,2002,7,"48.87601715021949, 2.342249768365205"
2933,2000115,20,2002,19,"48.86735197040677, 2.3875022070302285"
2934,2000119,3,2002,16,"48.865804740126045, 2.360633115510238"
2935,2000122,10,2002,13,"48.87371182979418, 2.3505647123497395"
2936,2000149,16,2002,5,"48.86627218990042, 2.2812028156555755"
2937,2000153,15,2002,45,"48.840825680272815, 2.3132931682041624"
2939,2000163,18,2002,5,"48.88627108966837, 2.351917730182831"
2940,2000171,14,2002,4,"48.834132900220126, 2.318608378137629"
2941,2000216,19,2003,83,"48.87436412017787, 2.3775063340899814"
2942,2000221,15,2003,14,"48.84991422009899, 2.2980661072838604"
2943,2000236,16,2003,27,"48.87558304004968, 2.287112508148172"
2945,2000262,18,2003,8,"48.890172530382905, 2.359011616336653"
2947,2000295,19,2003,268,"48.87831655991223, 2.4096111726007936"
2948,2000302,9,2004,11,"48.87404825998757, 2.3399109445467587"
2949,2000305,12,2004,82,"48.84411257956543, 2.4073046496028963"
2950,2000315,11,2004,22,"48.85022533002471, 2.394535992423695"
2951,2000345,10,2004,26,"48.8736672597286, 2.3736638792222124"
2953,2000398,3,2004,29,"48.85960654999909, 2.3673175075848363"
2954,2000410,11,2004,18,"48.85180683971143, 2.3921425282107456"
2955,2000427,15,2004,6,"48.84395218966481, 2.2833663175212298"
2956,2000441,14,2004,10,"48.836163269668695, 2.3215009915852187"
2957,2000462,20,2005,10,"48.87231483990939, 2.3825478701107388"
2959,2000575,7,2005,66,"48.849954089736144, 2.3199192365604175"
2960,2000583,11,2005,4,"48.855019279927475, 2.3869526935251075"
2961,2000586,10,2005,83,"48.877786039936126, 2.368534894977885"
2962,2000619,3,2006,8,"48.86320244001813, 2.3528218804362675"
2963,2000646,13,2006,20,"48.82597081016065, 2.3738086135622822"
2964,2000675,18,2006,5,"48.89765828976208, 2.34186755569362"
2965,2000709,11,2006,3,"48.85352911003876, 2.370668595478698"
2967,2000762,14,2006,12,"48.824750120397226, 2.321477215404849"
2968,2000763,18,2006,7,"48.88586304014125, 2.3596180531992004"
2969,2000822,3,2007,6,"48.864663789960105, 2.3559502255603797"
2970,2000832,19,2007,21,"48.88452763004101, 2.383923989335375"
2971,2000839,20,2007,4,"48.868599020152075, 2.404419656234418"
2972,2000853,20,2007,18,"48.875824280103714, 2.4016907314227516"
2973,2000855,18,2007,3,"48.89292307966588, 2.3510241975452844"
2974,2000872,15,2007,1,"48.84068371972811, 2.3061806203407977"
2975,2000874,1,2007,1,"48.86123944978798, 2.344824396494047"
2976,2000903,14,2007,6,"48.824619240116206, 2.3219657876093094"
2977,2000911,12,2007,35,"48.85683833000849, 2.3417113574382107"
2978,2000965,12,2007,202,"48.847355170205134, 2.368833620401075"
2979,2000990,8,2007,26,"48.87780922964207, 2.326457344462476"
2980,2002668,16,2007,3,"48.84962568975438, 2.273597019664826"
2981,2002672,19,2007,1,"48.88091399035574, 2.3982811290385215"
2982,2001025,4,2008,11,"48.85842918012989, 2.354585522077262"
2983,2001069,13,2008,182,"48.8220875998465, 2.347710407638532"
2984,2001125,20,2008,21,"48.87175195968787, 2.395928303637966"
2985,2001128,17,2008,1,"48.886772700272175, 2.2923283743434073"
2986,2001143,20,2008,5,"48.85722772027663, 2.4020498844581875"
2989,2001194,4,2008,6,"48.85773835001198, 2.358619374676039"
2990,2001222,12,2008,2,"48.8359798498632, 2.407539425100724"
2991,2001286,20,2009,1,"48.85587965974147, 2.4036388292183766"
2992,2001401,19,2009,90,"48.888652209673005, 2.384196515065885"
2993,2001433,15,2009,3,"48.83317339983937, 2.2997593600871746"
2995,2001532,13,2009,10,"48.82938684028304, 2.3432228044878665"
2996,2001554,17,2009,12,"48.89143426965147, 2.3267305134917446"
2997,2002471,16,2009,123,"48.84840331982555, 2.25949882860669"
2998,2001638,19,2010,102,"48.88820959000891, 2.3806808603817493"
2999,2001645,2,2010,5,"48.86763761004924, 2.3472636902753763"
3000,2001668,17,2010,1,"48.88770438033848, 2.296354063052345"
3001,2001714,20,2010,10,"48.87320740025683, 2.3835553386236046"
3004,2001801,20,2010,1,"48.87162958030137, 2.378594415461754"
3005,2001811,11,2010,8,"48.84863612026362, 2.312976215443388"
3006,2001823,20,2010,8,"48.8701388299947, 2.3915917654937813"
3008,2001837,11,2011,11,"48.8553329497662, 2.3775119574108237"
3009,2001924,11,2011,54,"48.854665870320716, 2.379593079384777"
3010,2001937,16,2011,1,"48.83714179008861, 2.2626831325459733"
3011,2001962,4,2011,17,"48.852918849799174, 2.3609842210510688"
3012,2001990,13,2011,92,"48.82647164997725, 2.3809341956513257"
3014,2002000,17,2011,123,"48.893179039652516, 2.313846068558239"
3015,2002022,20,2011,4,"48.86814032021071, 2.3871852705214955"
3017,2002113,20,2012,11,"48.869321819894346, 2.388371134306435"
3019,2002145,20,2012,28,"48.85349927031831, 2.4060250844090185"
3020,2002171,11,2012,9,"48.86732689971682, 2.367957788535332"
3021,2002172,11,2012,119,"48.85099583972682, 2.3960153304931833"
3022,2002200,19,2012,79,"48.883009180055105, 2.3733311422401533"
3023,2002360,18,2013,35,"48.88680255970574, 2.354463414588097"
3024,2002393,16,2013,58,"48.866681600405435, 2.284682908348965"
3025,2002416,17,2013,50,"48.89123134030432, 2.310650120587549"
3028,2002546,9,2014,17,"48.87589087969513, 2.3301389055577815"
3032,2002567,18,2014,81,"48.88895433005886, 2.3433809956695004"
3033,2002578,20,2014,10,"48.854638080160036, 2.4113576556277807"
3034,2002581,14,2014,21,"48.8311173097247, 2.329430747297968"
3035,2002602,12,2014,12,"48.83476358999254, 2.4049275860539807"
3037,2002634,17,2014,74,"48.888566899658244, 2.309820418614518"
3038,2002645,20,2014,20,"48.87192263019158, 2.3784238434580454"
3041,2002691,10,2015,1,"48.871125769556876, 2.356652157488708"
3042,2002702,17,2015,1,"48.89075839027178, 2.3262519024085173"
3043,2002706,19,2015,47,"48.87885952009572, 2.3883222820585983"
3044,2002731,16,2015,1,"48.8405209199046, 2.25602883758524"
3045,2002749,15,2015,141,"48.82949136980948, 2.2748945725280625"
3047,2002768,5,2015,15,"48.84151739007039, 2.3383877211143176"
3049,2002785,15,2015,6,"48.83687389979295, 2.3004880933891023"
3052,2002820,11,2015,11,"48.855234030315145, 2.3756095741354843"
3053,2002846,18,2015,5,"48.88866155985061, 2.3450558941766997"
3055,2002885,15,2016,1,"48.828871900255216, 2.302881397039763"
3056,2002916,20,2016,24,"48.855399679939524, 2.399543621383374"
3057,2002926,13,2016,14,"48.82581566967765, 2.360970591541123"
3058,2002948,12,2016,24,"48.836015070119785, 2.398513571196507"
3059,2002957,17,2016,14,"48.88518206029471, 2.2911772764071063"
3060,2002965,20,2016,404,"48.84814275996801, 2.4115672415029636"
3061,2002986,12,2016,14,"48.83528598041282, 2.4057960016425763"
3062,2002987,11,2016,13,"48.85094148037297, 2.3840052526004145"
3063,2003026,18,2016,9,"48.88763960965657, 2.347110178279688"
3065,2003118,20,2017,1,"48.871750270372296, 2.3893859013832746"
3066,2003121,15,2017,14,"48.83490899025531, 2.283153389399411"
3068,2003144,17,2017,16,"48.894641939882696, 2.3149743743248266"
3070,2003199,15,2017,17,"48.83398779991448, 2.309275067371449"
3071,2003216,5,2017,1,"48.85279934019035, 2.3463002492232587"
3072,2003246,11,2017,13,"48.84983970956953, 2.3920659800039537"
3073,2003281,11,2018,1,"48.86816570982385, 2.3734766165305996"
3074,2003290,17,2018,7,"48.886298219733995, 2.3188172504902886"
3075,2003291,18,2018,2,"48.8838504996261, 2.336672311157139"
3076,2003299,11,2018,66,"48.862566629898794, 2.376716885502662"
3077,2003303,17,2018,5,"48.890886660252455, 2.3258497245602774"
3078,2003343,14,2018,35,"48.834405069607065, 2.3172782603802506"
3079,2003351,18,2018,28,"48.89758732042721, 2.3423351760490236"
3081,2003392,1,2018,34,"48.86262182978888, 2.3408995925447815"
3082,2003457,13,2018,457,"48.81932571022473, 2.3655389175196957"
3083,2003498,17,2019,1,"48.892949880301586, 2.3173209065900067"
3085,2003523,3,2019,15,"48.865177170041974, 2.3628309023863845"
3086,2003526,14,2019,15,"48.82610333973551, 2.340042519291686"
3087,2003604,13,2019,1,"48.824562999694464, 2.375099503158146"
3088,2003661,10,2019,30,"48.870959750205316, 2.366083319406179"
3089,2003674,20,2019,29,"48.86608711994606, 2.389566679608986"
3090,2003623,13,2020,2,"48.83390947994567, 2.3442624146233197"
3092,2003648,14,2020,1,"48.83226776960478, 2.3188007635046475"
3093,2003656,13,2020,2,"48.82278130997463, 2.3613659465710843"
3094,2003753,14,2020,76,"48.82979636959165, 2.3100731565683037"
3096,2003801,13,2021,3,"48.83058015998452, 2.354014625597519"
3099,2003824,20,2021,16,"48.86819691021474, 2.400424147973731"
3100,2003829,13,2021,9,"48.83147509005849, 2.3542178895629844"
3101,2003856,9,2021,1,"48.87967069967389, 2.3399986376028035"
3102,CPE10,20,2021,80,"48.87264174016035, 2.398022413617756"
3104,CPE13,18,2021,138,"48.89528879007049, 2.3651244642147846"
3105,CPE32,20,2021,21,"48.85008733985353, 2.4130232431738183"
3107,2003993,17,2022,1,"48.89317034968052, 2.3181799146567026"
3108,2004002,19,2022,41,"48.89840791018704, 2.384231806430679"
3109,2004033,17,2022,19,"48.889632810275415, 2.324328616628282"
3110,2004051,14,2022,1,"48.82776315995006, 2.3066495310864075"
3111,2004069,19,2023,20,"48.89414415001602, 2.372097589332697"
3112,2004087,15,2023,16,"48.84450250987606, 2.309425197528645"
3113,2004088,14,2023,7,"48.832097589787466, 2.3135034112395285"
3114,2004090,10,2023,86,"48.87792955042411, 2.3619010559864253"
3115,2004155,18,2023,11,"48.88611406015946, 2.346601332590564"
3116,2004165,17,2023,12,"48.89291261000736, 2.326492861351131"
3117,2004188,18,2023,18,"48.894666100113085, 2.3456490932560814"
3119,CPE86,14,2023,18,"48.82780702044638, 2.3221437363812143"
3120,2002258,13,2024,1,"48.823907319774825, 2.3736864726323152"
3121,2004216,7,2024,4,"48.86075880023908, 2.309408754220773"
3122,2004236,20,2024,48,"48.85035739015909, 2.4019521456004944"
3123,2000016,15,2001,32,"48.84099255989485, 2.3037041424262608"
3124,2000020,20,2001,8,"48.85598282968652, 2.4006284013979395"
3125,2000030,20,2001,1,"48.87152436985915, 2.409311751672369"
3126,2000068,12,2001,14,"48.84316923981125, 2.403939257410221"
3127,2000073,20,2001,4,"48.86298734025707, 2.399691466424333"
3129,2000090,12,2002,4,"48.83348720032753, 2.3994262575436522"
3131,2000134,13,2002,50,"48.832775789830094, 2.3569302335428914"
3132,2000142,18,2002,25,"48.886745389639756, 2.351321092083742"
3133,2000193,11,2003,28,"48.85698097975996, 2.368993174457123"
3134,2000206,4,2003,13,"48.85741627956797, 2.3612187710828483"
3135,2000217,15,2003,127,"48.83927585994294, 2.2792901864049475"
3136,2000261,12,2003,13,"48.8501906500172, 2.382653808204214"
3137,2000282,20,2003,1,"48.87378780038332, 2.386276967489508"
3138,2000286,5,2003,10,"48.847134069818566, 2.3485894365608386"
3139,2000296,12,2003,48,"48.8345552098727, 2.404118249509048"
3140,2000304,11,2004,9,"48.869708269978844, 2.376398081049255"
3141,2000323,20,2004,49,"48.86444980960672, 2.389355782039213"
3143,2000362,18,2004,1,"48.89611028976506, 2.3469510156446316"
3144,2000383,19,2004,9,"48.88554757958205, 2.3870323742530344"
3145,2000393,19,2004,1,"48.877617139947404, 2.3986842074874857"
3146,2000396,11,2004,17,"48.86480982980548, 2.3692833271273566"
3148,2000414,13,2004,47,"48.828274890347565, 2.3802571785738826"
3149,2000430,11,2004,41,"48.86543211007731, 2.383579474241445"
3150,2000432,10,2004,17,"48.87406944981371, 2.3586271065494278"
3152,2000479,11,2005,1,"48.861368190001095, 2.3821954812300565"
3153,2000511,18,2005,12,"48.88590672038886, 2.360731138387521"
3154,2000560,13,2005,23,"48.826633930114134, 2.3688047525225873"
3155,2000577,11,2005,16,"48.857821769590714, 2.384271299490833"
3157,2000594,10,2005,10,"48.87619922954901, 2.371200654462237"
3158,2000638,11,2006,79,"48.859484789560966, 2.385931164299781"
3159,2000656,4,2006,9,"48.85452896970466, 2.3554895012233454"
3160,2000667,20,2006,14,"48.86723203019665, 2.3874298406463623"
3161,2000680,13,2006,2,"48.83551365001033, 2.349951547666194"
3162,2000701,15,2006,43,"48.835878160061256, 2.288022450522219"
3163,2000737,11,2006,18,"48.86318628994569, 2.386280582585292"
3164,2000764,17,2006,3,"48.8943276003079, 2.3201330240246687"
3165,2000782,8,2007,8,"48.87442981968501, 2.3238048591705076"
3167,2000813,10,2007,17,"48.874343140116245, 2.3480644452223567"
3168,2000815,11,2007,6,"48.8537919601518, 2.3801536823884475"
3169,2000826,19,2007,41,"48.88703001007267, 2.3846329086336278"
3170,2000843,18,2007,10,"48.8936703196195, 2.342011245197399"
3171,2000848,18,2007,40,"48.88462269969524, 2.3641995082352483"
3173,2000885,15,2007,1,"48.82934117976557, 2.302685350040356"
3174,2000897,15,2007,39,"48.850484610288554, 2.290740131330237"
3175,2000936,10,2007,1,"48.878365780030265, 2.356465994492197"
3177,2000945,10,2007,19,"48.870964510450136, 2.3506202075181903"
3178,2000952,7,2007,14,"48.84900128964018, 2.320358104291279"
3180,2000975,18,2007,24,"48.88823093989988, 2.351671999218852"
3181,2000993,15,2007,16,"48.83006015980158, 2.3023814593711727"
3182,2001007,18,2007,6,"48.889968049910294, 2.3281114122236275"
3183,2001059,19,2008,104,"48.89902551002286, 2.3782729585051263"
3184,2001072,18,2008,15,"48.88985787965641, 2.3484222855410732"
3186,2001185,3,2008,6,"48.86188107036318, 2.3626971234272935"
3187,2001201,4,2008,10,"48.85699206985101, 2.3570366083850627"
3188,2001202,4,2008,8,"48.86059931030133, 2.3510380926062475"
3189,2001204,4,2008,7,"48.86079748023681, 2.351149957397773"
3191,2001221,11,2008,1,"48.85654368968705, 2.378985419471287"
3192,2001249,19,2008,142,"48.89930950980372, 2.3802779465623636"
3193,2001308,11,2009,14,"48.86192488986511, 2.3838417746496816"
3194,2001329,17,2009,18,"48.89094423992387, 2.3180907923704925"
3195,2001339,17,2009,4,"48.883767490056925, 2.2882654670895035"
3196,2001351,16,2009,51,"48.865583920237356, 2.2854160899639884"
3197,2001357,13,2009,14,"48.83020248029976, 2.370331770428446"
3198,2001397,15,2009,10,"48.84664866016947, 2.2954596675359333"
3199,2001495,20,2009,1,"48.871178250164874, 2.379518300540383"
3200,2001505,20,2009,3,"48.87097701994827, 2.3953760153327814"
3201,2001512,14,2009,12,"48.833698850377985, 2.323346249311106"
3202,2001573,15,2010,5,"48.84854100009289, 2.294494618138815"
3205,2001635,19,2010,16,"48.8757941902114, 2.3821643606186194"
3207,2001730,13,2010,60,"48.82703330033757, 2.3776982734604672"
3208,2001732,10,2010,22,"48.87065200040596, 2.368695869402965"
3209,2001734,18,2010,25,"48.88719980965708, 2.3585252340518816"
3210,2001736,15,2010,30,"48.84007399975313, 2.2850637264006703"
3211,2001816,20,2010,22,"48.872881790321024, 2.380354357995697"
3212,2001819,18,2010,9,"48.88705920992452, 2.352750487214941"
3218,2001894,18,2011,13,"48.88474069039826, 2.3411221214920235"
3220,2001939,17,2011,32,"48.89914175004836, 2.322246794256397"
3221,2001964,4,2011,36,"48.8549187200179, 2.353942659580133"
3222,2001969,5,2011,12,"48.84408581019433, 2.3493779493179034"
3225,2002020,19,2011,30,"48.886634320137816, 2.366896360517625"
3226,2002031,12,2011,4,"48.84804339999949, 2.3774922232612954"
3227,2002066,10,2012,35,"48.87963387024968, 2.3652177331415554"
3229,2002100,1,2012,20,"48.86325647033652, 2.3405092704575927"
3230,2002210,3,2012,13,"48.862670039834505, 2.356706346623667"
3231,2002213,11,2012,15,"48.86735194987897, 2.369191135341615"
3232,2002291,16,2013,1,"48.84675113960327, 2.2613288241555036"
3235,2002400,18,2013,49,"48.89443470013149, 2.346199983338962"
3236,2002404,20,2013,9,"48.86951501996459, 2.3929013214206782"
3237,2002410,20,2013,23,"48.85775937957567, 2.3994200401194647"
3238,2002439,19,2013,10,"48.88493977021459, 2.3800145599895215"
3239,2002476,20,2014,2,"48.86861523965079, 2.394222714491819"
3240,2002479,10,2014,37,"48.87132663006155, 2.3746950944557415"
3241,2002492,11,2014,1,"48.857114809956876, 2.3928885262646866"
3242,2002497,13,2014,10,"48.824600620168525, 2.357466787342957"
3243,2002560,16,2014,40,"48.85059893961259, 2.2781723963928573"
3244,2002561,16,2014,87,"48.84944225030035, 2.273444815376389"
3245,2002569,18,2014,103,"48.89925534007182, 2.3465422601863346"
3246,2002603,12,2014,23,"48.84582435991837, 2.380131970678845"
3247,2002636,10,2014,17,"48.8721176499034, 2.3504737646352205"
3248,2002686,10,2015,1,"48.873228589977884, 2.3706240681011574"
3249,2002729,15,2015,8,"48.833870679707694, 2.3077675924574628"
3250,2002743,19,2015,30,"48.89847053013888, 2.3720914316111776"
3251,2002767,4,2015,21,"48.84754112023529, 2.3650526635370106"
3253,2002789,15,2015,1,"48.84529428998219, 2.3191139591133694"
3254,2002858,6,2015,12,"48.84824807990326, 2.3249712703774894"
3257,2002928,17,2016,6,"48.8797516200432, 2.2962165396711516"
3258,2002952,13,2016,55,"48.83505754010155, 2.3713731796792503"
3259,2002954,15,2016,1,"48.84702881984306, 2.2893027331274753"
3261,2002972,1,2016,14,"48.866121959932464, 2.3373928374292556"
3262,2002976,6,2016,8,"48.84735747993869, 2.330888963275495"
3263,2002984,11,2016,60,"48.86003965998641, 2.3779901202555043"
3265,2003079,17,2017,13,"48.89259584044235, 2.32598558551127"
3266,2003088,20,2017,12,"48.87061597027626, 2.398904794076975"
3267,2003122,19,2017,1,"48.889924959664604, 2.377506992187585"
3268,2003165,15,2017,16,"48.84296677032309, 2.28127634934066"
3269,2003195,13,2017,7,"48.829678809826504, 2.3753566124555947"
3270,2003225,6,2017,4,"48.856179400406, 2.3373394813645594"
3272,2003286,15,2018,1,"48.85094062023809, 2.2939580875566725"
3273,2003421,20,2018,1,"48.86853661968497, 2.4107718635540536"
3274,2003319,11,2018,1,"48.854633279560815, 2.382236274435548"
3275,2003342,18,2018,26,"48.89997870012451, 2.3369186656535286"
3278,2003413,18,2018,25,"48.88324739976744, 2.339606670595532"
3281,2003458,13,2018,152,"48.83145124027786, 2.3688535393675254"
3282,2003471,14,2019,283,"48.833943890077414, 2.3125056463549423"
3284,2003503,18,2019,20,"48.895937059874186, 2.3457471871724747"
3285,2003518,13,2019,3,"48.821291749679744, 2.361911056391663"
3287,2003530,19,2019,4,"48.88050961986937, 2.397736602489446"
3289,2003669,18,2019,1,"48.88500531011039, 2.3513203193576846"
3292,2003644,11,2020,2,"48.869005449793605, 2.380239631454676"
3293,2003735,3,2020,40,"48.865767239974666, 2.35818406959794"
3296,2003812,7,2021,10,"48.85923114977128, 2.307849224230965"
3297,2003820,18,2021,17,"48.88860511029143, 2.347650317014046"
3298,2003827,12,2021,33,"48.845053710256586, 2.4035613839784773"
3299,CPE17,12,2021,54,"48.84302279004827, 2.38948360443579"
3300,CPE41,19,2021,24,"48.88527535019956, 2.366634937547648"
3301,CPE8,20,2021,139,"48.87251921017499, 2.4076440523909013"
3302,2003960,19,2022,27,"48.886382000096084, 2.3991653503406396"
3303,2003964,10,2022,1,"48.87389824034303, 2.370491104261963"
3305,2003985,17,2022,12,"48.89317196033655, 2.3196686363905474"
3306,2004031,11,2022,7,"48.865996999782375, 2.3835969726339443"
3307,2004048,13,2022,1,"48.82337352972089, 2.356571345262498"
3308,CPE56,5,2022,32,"48.84417536006238, 2.3503100534154804"
3309,CPE59,14,2022,69,"48.82205619019292, 2.3418722835050265"
3310,CPE75,15,2022,144,"48.84360513044143, 2.30549003850338"
3311,CPE77,18,2022,128,"48.885864919926995, 2.3612597973463014"
3312,CPE78,18,2022,23,"48.89447999012905, 2.3522870554716024"
3313,2004094,16,2023,15,"48.85809648032353, 2.282654287631847"
3314,2004107,12,2023,122,"48.84955633972903, 2.3873817400455524"
3315,2004130,19,2023,22,"48.888963559842445, 2.3758622615635177"
3317,2004168,16,2023,2,"48.84727297962925, 2.259945231346336"
3318,2004180,15,2023,17,"48.83409761028029, 2.294779213655984"
3319,CPE92,20,2023,25,"48.87168726016143, 2.394330570679385"
3320,2004198,15,2024,18,"48.83485232028263, 2.2840688644914"
3322,2004217,12,2024,44,"48.84234811960206, 2.4023521915102304"
3323,2004228,9,2024,13,"48.874179690213765, 2.3394158342338462"
3324,2004248,5,2024,91,"48.842070780140354, 2.348295950235197"
3326,2000019,19,2001,17,"48.87390254972288, 2.384492245613487"
3327,2000049,18,2001,21,"48.89743701008547, 2.3348326605624097"
3328,2000078,13,2001,20,"48.82354105956774, 2.3482457815836937"
3329,2000095,18,2002,14,"48.892943909723044, 2.328343454562832"
3330,2000114,7,2002,1,"48.854844919717955, 2.3247942625040183"
3331,2000144,19,2002,16,"48.88509916025585, 2.3666721365193273"
3332,2000175,18,2002,44,"48.891427519764534, 2.33675204427223"
3333,2000196,19,2003,16,"48.87557648993967, 2.38763461535732"
3334,2000201,15,2003,178,"48.85227743031893, 2.2886223451570324"
3335,2000226,18,2003,67,"48.88837661995492, 2.3260576583685295"
3336,2000233,9,2003,13,"48.88249473000108, 2.347772405330083"
3337,2000246,18,2003,14,"48.88796284000133, 2.3549629873387206"
3338,2000266,14,2003,100,"48.828900909952694, 2.3366869225347435"
3340,2000312,15,2004,11,"48.84996374020457, 2.2916523854191455"
3341,2000335,4,2004,16,"48.8498326003874, 2.3645395756186818"
3342,2000379,18,2004,24,"48.89407841029794, 2.33650490367477"
3344,2000450,12,2004,17,"48.83837893033729, 2.4015323264500257"
3345,2000491,15,2005,3,"48.844209500310235, 2.319063026021693"
3346,2000532,18,2005,3,"48.88907218039687, 2.3525387906329223"
3347,2000558,13,2005,9,"48.82304468039939, 2.356643394492651"
3348,2000573,15,2005,11,"48.82976946963067, 2.3016818642231165"
3349,2000580,20,2005,17,"48.85462750043652, 2.4032224381933447"
3350,2000613,11,2006,6,"48.850799260045385, 2.394949576061024"
3351,2000639,13,2006,102,"48.83125415984492, 2.353922533516417"
3352,2000650,10,2006,6,"48.88220601996389, 2.363716977568356"
3353,2000682,13,2006,52,"48.83001591041934, 2.350040167414855"
3355,2000699,13,2006,2,"48.83397253971125, 2.3607068024651174"
3358,2000740,14,2006,47,"48.83041001015349, 2.3378104293933712"
3360,2000742,10,2006,11,"48.87531142014796, 2.351294730387703"
3361,2000787,18,2007,3,"48.892844170029896, 2.3510999544872533"
3362,2000823,10,2007,24,"48.88159100043269, 2.34984893854125"
3363,2000830,18,2007,30,"48.8906251402137, 2.343606409089877"
3364,2000844,17,2007,92,"48.89722231977175, 2.317919863423909"
3366,2000862,20,2007,3,"48.85663975031795, 2.4020591126362874"
3367,2000895,19,2007,9,"48.885547780164124, 2.3868349636213986"
3368,2000914,9,2007,9,"48.880505240028725, 2.3453588306326014"
3371,2000961,3,2007,16,"48.86528089983963, 2.3621925895515865"
3372,2000981,1,2007,25,"48.86459338026662, 2.3361918704994062"
3373,2000984,18,2007,8,"48.8868001798533, 2.3516841673197377"
3374,2000997,3,2007,4,"48.86012770037575, 2.3641475225926656"
3376,2001023,5,2008,7,"48.83805982040771, 2.351887617102803"
3377,2001040,20,2008,4,"48.87116123986526, 2.395449022413604"
3378,2001057,13,2008,77,"48.82683516028304, 2.378540529037644"
3379,2001071,20,2008,8,"48.85314048021859, 2.4034725815795897"
3380,2001078,13,2008,27,"48.822840519639506, 2.3640510695876413"
3381,2001084,15,2008,54,"48.847714389887976, 2.299600425223787"
3383,2001090,18,2008,22,"48.89786504992532, 2.3527338684855743"
3385,2001148,11,2008,40,"48.861163150144286, 2.376432671596291"
3386,2001150,13,2008,37,"48.83338932986677, 2.34455052325528"
3387,2001160,1,2008,5,"48.85997840958636, 2.3466999733929255"
3388,2001167,1,2008,5,"48.86198557011303, 2.3489365913508267"
3389,2001186,3,2008,4,"48.858678020383, 2.360982401443936"
3390,2001188,3,2008,12,"48.86267064957643, 2.3622393764092755"
3391,2001227,17,2008,74,"48.8859464502784, 2.291181163018185"
3392,2001248,10,2008,35,"48.871529239943996, 2.3713593895802743"
3393,2001258,10,2008,171,"48.88394805033069, 2.3642842021390806"
3395,2001300,13,2009,52,"48.82117659968045, 2.343165117233801"
3396,2001307,17,2009,62,"48.88981449024995, 2.3164088282491604"
3397,2001313,4,2009,20,"48.860376750264834, 2.3531751531838605"
3398,2001340,17,2009,1,"48.88709721992124, 2.2918697654647233"
3399,2001405,3,2009,11,"48.86819877971584, 2.3596231586377407"
3400,2001471,19,2009,13,"48.878229980431726, 2.3735330835791304"
3401,2001479,14,2009,67,"48.827164000003826, 2.3041656014990783"
3402,2001504,20,2009,21,"48.87156391986565, 2.378378281082757"
3403,2001522,16,2009,1,"48.83928009999748, 2.2557657104834483"
3405,2001569,10,2010,8,"48.86967476982429, 2.367079735506219"
3407,2001590,13,2010,1,"48.82064831984278, 2.343897440480612"
3411,2001764,18,2010,12,"48.89423352015164, 2.3460906016370866"
3412,2001810,19,2010,24,"48.886942739625, 2.384633589490918"
3413,2001825,6,2010,70,"48.84754611962948, 2.3221057353578365"
3415,2001912,16,2011,2,"48.84270599973366, 2.2555815704351194"
3416,2001928,13,2011,73,"48.83048344023139, 2.3441770224791485"
3417,2001944,18,2011,8,"48.89524233998318, 2.34111957156677"
3418,2001945,19,2011,93,"48.88838402008342, 2.384117130284054"
3419,2002012,13,2011,15,"48.823026939985056, 2.3730822184935856"
3420,2002021,20,2011,25,"48.87269866012119, 2.397792168278094"
3421,2002023,20,2011,1,"48.855705460139035, 2.403759275452144"
3422,2002051,9,2012,15,"48.88143032983145, 2.3488673562858295"
3423,2002060,20,2012,14,"48.866304710393855, 2.3964965793743693"
3426,2002135,17,2012,1,"48.88768165016419, 2.29759925841494"
3427,2002165,9,2012,6,"48.874241139833785, 2.342353947068647"
3428,2002173,1,2012,1,"48.862685709661875, 2.3473816479568512"
3429,2002196,12,2012,8,"48.84121171956056, 2.4016194064618985"
3430,2002226,20,2012,21,"48.8687932403867, 2.3860569606320716"
3431,2002230,11,2012,1,"48.862201419711354, 2.385080712374659"
3432,2002238,15,2012,1,"48.837639930039046, 2.3019785725075095"
3434,2002247,17,2013,25,"48.888109150401235, 2.3108583506335747"
3436,2002269,17,2013,2,"48.89301525986549, 2.3176559725881622"
3437,2002282,19,2013,132,"48.89388289994558, 2.3823872894407687"
3440,2002336,14,2013,36,"48.834897780003615, 2.324640353283326"
3441,2002348,16,2013,33,"48.86850895956612, 2.2829212772188128"
3442,2002372,3,2013,2,"48.86820262959184, 2.3573135054190204"
3443,2002375,5,2013,10,"48.853046369574386, 2.345619749592588"
3444,2002399,18,2013,15,"48.88994198967502, 2.3493826864745064"
3445,2002484,2,2014,14,"48.866744760363915, 2.3492359734207318"
3446,2002490,9,2014,34,"48.88010146973143, 2.3495681303566713"
3447,2002527,18,2014,39,"48.88465831015766, 2.3643680014018207"
3449,2002531,19,2014,110,"48.89547882960077, 2.3722160593931814"
3450,2002558,15,2014,1,"48.84395972005871, 2.2795789450606816"
3452,2002583,17,2014,6,"48.89599260958682, 2.3221243994357517"
3453,2002588,3,2014,54,"48.86803456959407, 2.360720327562955"
3454,2002598,10,2014,13,"48.870167649833654, 2.3573310876287774"
3455,2002605,12,2014,13,"48.84960379009135, 2.3801876660499715"
3456,2002630,20,2014,4,"48.8607513295783, 2.4025785643920816"
3457,2002652,18,2014,4,"48.88827213021018, 2.350189036533639"
3458,2002654,10,2014,9,"48.87251709996564, 2.3562802841517643"
3459,2002656,20,2014,1,"48.867724909998785, 2.383698656996371"
3460,2003463,15,2014,1,"48.837284889693485, 2.292170162290169"
3461,2002684,10,2015,1,"48.88078700963211, 2.363060252647732"
3464,2002753,13,2015,74,"48.8304553503416, 2.373403944600313"
3465,2002777,11,2015,29,"48.85166688994822, 2.377007101570546"
3468,2002825,13,2015,15,"48.8185059701199, 2.3642474824073467"
3469,2002876,14,2015,13,"48.835310609933096, 2.3272099813785565"
3472,2002915,16,2016,18,"48.869379440348055, 2.2810776903356142"
3473,2002929,20,2016,9,"48.87154228964155, 2.3949548434280374"
3474,2002946,12,2016,47,"48.83921921973029, 2.3955029350382486"
3475,2002958,18,2016,14,"48.8850041901185, 2.3566574970890506"
3476,2002974,3,2016,19,"48.86397553000229, 2.3652102624992484"
3477,2003011,2,2016,2,"48.86802666970609, 2.348500609336836"
3478,2003060,12,2017,10,"48.83940418996515, 2.400569879222962"
3479,2003095,18,2017,10,"48.897549599570304, 2.337798017226116"
3481,2003128,9,2017,15,"48.87965910031307, 2.346997009971751"
3482,2003162,7,2017,251,"48.85960709996698, 2.321835105123786"
3483,2003184,14,2017,100,"48.82559357015638, 2.3020839535792454"
3484,2003212,4,2017,1,"48.854761750051274, 2.3551972123726497"
3485,2003214,4,2017,1,"48.853826219936046, 2.361927870352719"
3486,2003217,6,2017,1,"48.85685748983944, 2.3364757363328343"
3487,2003223,6,2017,2,"48.85522234008982, 2.3345881480495945"
3488,2003230,6,2017,8,"48.856293150016135, 2.335952622344925"
3489,2003231,6,2017,3,"48.85720197973348, 2.336414950443041"
3491,2003254,15,2017,12,"48.85012809031117, 2.288685073373229"
3492,2003280,10,2018,2,"48.88140036005609, 2.365713815455094"
3493,2003292,18,2018,1,"48.88599808990946, 2.349772794457288"
3495,2003499,10,2019,13,"48.87247924967633, 2.348161040597331"
3498,2003514,13,2019,36,"48.81784254982901, 2.3579890914969006"
3499,2003533,17,2019,1,"48.884247920242764, 2.3163011174933845"
3500,2003538,17,2019,4,"48.881652509969726, 2.296244985244981"
3502,2003619,11,2020,6,"48.85673460014667, 2.3843459014264474"
3503,2003621,14,2020,1,"48.833100340149606, 2.316668910638195"
3504,2003646,20,2020,7,"48.871117480245765, 2.3963070505718265"
3506,2003651,20,2020,7,"48.85213226008897, 2.402400841498083"
3507,2003695,13,2020,1,"48.822051129731285, 2.3550812195801725"
3508,2003709,11,2020,22,"48.8653386803787, 2.384349861564124"
3509,2003726,9,2020,16,"48.87571757990052, 2.3411142683344486"
3510,2003731,15,2020,101,"48.83641496010132, 2.3105124790068325"
3511,2003736,17,2020,6,"48.89455366023999, 2.320982255096209"
3513,2003774,12,2021,8,"48.84043666043701, 2.402682540439344"
3514,2003802,14,2021,8,"48.8344242203876, 2.3255483816521116"
3515,2003837,18,2021,222,"48.89427786981478, 2.3615204092658852"
3516,2003810,3,2021,20,"48.86391247015289, 2.3541623315061697"
3517,2003833,17,2021,8,"48.88621367026783, 2.311458704464214"
3518,2003852,13,2021,13,"48.82574702991245, 2.345235994300049"
3519,2003950,11,2021,1,"48.85741216023951, 2.3735056009571682"
3522,CPE40,12,2021,35,"48.83541597010201, 2.3925148105227865"
3523,2003967,17,2022,4,"48.885929909900625, 2.314468566059544"
3524,2003982,5,2022,1,"48.851627679622105, 2.3493763183515575"
3525,2004014,10,2022,16,"48.87222474043929, 2.3609236526485398"
3526,2004015,15,2022,17,"48.8525766497369, 2.2866412490858683"
3531,CPE60,15,2022,51,"48.83912962040777, 2.2759050571379245"
3532,CPE63,18,2022,11,"48.886089300267635, 2.3363222154188206"
3533,CPE68,20,2022,29,"48.8717792801176, 2.3951328671397745"
3534,2004138,10,2023,31,"48.870379090384, 2.3621222452388038"
3535,2004143,18,2023,5,"48.88283169995195, 2.338138252570383"
3536,2004161,19,2023,1,"48.874784609784115, 2.380696566982556"
3537,2004207,10,2024,17,"48.87045647000826, 2.3705208233811246"
3538,2004213,18,2024,12,"48.89335467027969, 2.3376390663955635"
3539,2004215,2,2024,18,"48.86405498962009, 2.350350682673688"
3540,2004226,18,2024,5,"48.88500766023199, 2.3340618374230817"
3541,2004232,12,2024,154,"48.842487750396934, 2.4049810576505313"
3543,2004272,20,2024,16,"48.86785685018934, 2.4019299886724834"
3544,2000045,15,2001,20,"48.844269419969564, 2.3172719185932746"
3545,2000052,14,2001,192,"48.832558709631236, 2.313483783635512"
3546,2000081,19,2001,1,"48.88421618975864, 2.383849674478485"
3547,2000094,13,2002,34,"48.82041141009994, 2.3461396224018873"
3548,2000106,18,2002,56,"48.88502941970354, 2.3603515702616655"
3549,2000195,13,2003,9,"48.82243627039508, 2.3565991593485913"
3550,2000211,5,2003,6,"48.848605389820406, 2.347677601438599"
3551,2000220,17,2003,43,"48.891760680203255, 2.322097065351001"
3552,2000223,1,2003,21,"48.86225271010711, 2.348676395543031"
3553,2000225,19,2003,69,"48.87847337015975, 2.3959371440600417"
3554,2000318,12,2004,11,"48.85030056984663, 2.3810070930721885"
3556,2000332,20,2004,105,"48.85225874981921, 2.403103826400604"
3557,2000357,9,2004,10,"48.8719080598575, 2.3271974145493055"
3560,2000434,13,2004,4,"48.828755839551356, 2.3534240476848525"
3561,2000463,19,2005,35,"48.87761212020485, 2.400394771627298"
3562,2000473,1,2005,13,"48.858745070376656, 2.345606020448081"
3563,2000486,12,2005,1,"48.847286880123356, 2.3686304276036165"
3564,2000488,15,2005,6,"48.84398031032785, 2.319338882393455"
3565,2000526,17,2005,1,"48.88628318013867, 2.324648207491231"
3566,2000569,20,2005,18,"48.86613254013176, 2.3843900583227864"
3567,2000673,11,2006,12,"48.85284011014231, 2.3821041075988374"
3570,2000775,19,2007,3,"48.88431998037461, 2.384140074376492"
3573,2000827,18,2007,4,"48.8959268399278, 2.3478650704097683"
3574,2000831,15,2007,30,"48.837783909939915, 2.3081213296081606"
3575,2000901,9,2007,34,"48.87659829033718, 2.342845814285362"
3576,2000920,5,2007,32,"48.84681090016448, 2.3521376451485714"
3577,2000934,10,2007,20,"48.87039759004227, 2.352874103582393"
3578,2000980,18,2007,11,"48.89531239002111, 2.3439321442134715"
3579,2000983,18,2007,9,"48.890269059853196, 2.347146175314323"
3585,2001061,12,2008,25,"48.86638296972313, 2.3088231342086196"
3586,2001077,19,2008,27,"48.88886971037995, 2.3760338321556933"
3587,2001118,12,2008,1,"48.83802541956791, 2.4086250895221135"
3588,2001179,2,2008,2,"48.86601604999896, 2.3415834665802886"
3589,2001193,4,2008,12,"48.86110285011055, 2.3513156766719012"
3590,2001212,18,2008,35,"48.88951924044931, 2.3546367454116797"
3593,2001322,20,2009,25,"48.874585660449036, 2.4033879345205573"
3594,2001331,12,2009,4,"48.83593961964429, 2.408696468254445"
3595,2001404,19,2009,40,"48.88573497037938, 2.3821113956763678"
3597,2001432,15,2009,1,"48.84315851968156, 2.2823388281773895"
3599,2001468,11,2009,20,"48.85217680997226, 2.3903602561713733"
3601,2001484,18,2009,1,"48.89297055996313, 2.3516824432342602"
3605,2001654,11,2010,21,"48.851226830157344, 2.3828707394628865"
3606,2001675,19,2010,17,"48.887406290156335, 2.381703866324608"
3607,2001701,12,2010,36,"48.835892419771035, 2.3835030900715664"
3608,2001707,14,2010,74,"48.83440806991594, 2.3130834031611545"
3612,2001759,2,2010,4,"48.86920979024417, 2.349024341142615"
3613,2001763,20,2010,33,"48.871401219832435, 2.380314928609185"
3614,2001776,13,2010,1,"48.82040351982754, 2.349748445452703"
3616,2001876,19,2011,151,"48.87741626022525, 2.4008917341005342"
3617,2001879,13,2011,2,"48.819233860210176, 2.362746806004123"
3618,2001885,13,2011,36,"48.83731113028334, 2.358479462564532"
3619,2001888,14,2011,10,"48.82918372964307, 2.320562444037096"
3620,2001890,9,2011,20,"48.87928783016493, 2.331502019593335"
3623,2001973,11,2011,79,"48.854223529787866, 2.377640531411051"
3624,2002014,17,2011,19,"48.893075689808754, 2.315614952125101"
3626,2002046,12,2012,92,"48.83485824996706, 2.4008761805611822"
3627,2002064,12,2012,1,"48.83494631036134, 2.4060800833960774"
3628,2002070,18,2012,8,"48.89102669041514, 2.3388730983361268"
3629,2002091,13,2012,163,"48.82022094013797, 2.373369462338097"
3631,2002139,15,2012,150,"48.829568329651934, 2.2959899871817466"
3633,2002178,20,2012,68,"48.86082741036501, 2.4096316953921697"
3634,2002214,19,2012,35,"48.87945113036518, 2.3879567703173317"
3635,2002183,16,2012,1,"48.87479183999948, 2.2875604162249905"
3636,2002184,13,2012,16,"48.83047483958145, 2.370333168193986"
3637,2002205,13,2012,1,"48.823825259801204, 2.3518759311304667"
3638,2002241,10,2012,5,"48.87455613040806, 2.3507943903021187"
3641,2002274,20,2013,2,"48.849544160149634, 2.405135220322525"
3642,2002276,7,2013,1,"48.84931791040631, 2.3088588586156615"
3643,2002284,5,2013,16,"48.84262783010114, 2.3545441026130405"
3644,2002288,13,2013,35,"48.820785539686995, 2.3724708894450197"
3646,2002304,19,2013,73,"48.883185090080154, 2.386388857575279"
3648,2002352,16,2013,1,"48.85059557971528, 2.2781543792158496"
3650,2002374,4,2013,55,"48.85291947962585, 2.3629655416855013"
3651,2002389,14,2013,53,"48.83605778013568, 2.330823919575238"
3653,2002426,10,2013,95,"48.877983560064266, 2.369106610576627"
3654,2002435,18,2013,9,"48.89023812026842, 2.350912074521085"
3655,2002480,12,2014,63,"48.8441130596864, 2.390565396462461"
3656,2002518,18,2014,20,"48.8899914900527, 2.353258304208053"
3657,2002544,5,2014,23,"48.83824937026348, 2.3494328595273712"
3658,2002568,18,2014,14,"48.885070949972864, 2.340282458162012"
3659,2002570,18,2014,40,"48.88952426962494, 2.3443137080924377"
3660,2002580,12,2014,67,"48.84175007032427, 2.398445572452365"
3661,2002591,5,2014,9,"48.838092329891126, 2.3493589053936668"
3662,2002620,18,2014,16,"48.88472053955604, 2.3522049880424496"
3664,2002646,20,2014,253,"48.867053279661114, 2.3908568576531897"
3667,2002681,5,2015,10,"48.84018301020004, 2.3591782694816366"
3668,2002701,17,2015,1,"48.89365191010784, 2.325578251384022"
3669,2002756,20,2015,5,"48.87255358004786, 2.391305669669465"
3671,2002951,13,2016,47,"48.833791809718676, 2.3639228603302818"
3672,2002989,12,2016,14,"48.84483169024103, 2.3691385334041226"
3673,2002996,14,2016,71,"48.81952305974428, 2.3419216906687104"
3674,2003007,19,2016,42,"48.88429818008282, 2.384403136519139"
3675,2003031,18,2016,5,"48.885997850173965, 2.3513069882230804"
3678,2003100,17,2017,18,"48.89128765984208, 2.322480287177207"
3679,2003112,12,2017,48,"48.84643242044456, 2.4059434881259874"
3680,2003129,18,2017,18,"48.89325411959168, 2.3280067975928396"
3681,2003141,9,2017,28,"48.88120926005061, 2.34638369421535"
3682,2003148,11,2017,9,"48.853148429574524, 2.3819347155431303"
3683,2003160,10,2017,11,"48.88333170018176, 2.361696671512783"
3684,2003173,20,2017,34,"48.87213182011114, 2.3907494085382948"
3685,2003256,15,2017,23,"48.837065940444695, 2.277921772337041"
3686,2003277,9,2018,4,"48.8748775397287, 2.345335748453845"
3687,2003285,12,2018,1,"48.839239589968, 2.3946390962850215"
3688,2003352,18,2018,1,"48.888836930443475, 2.3559176992543653"
3689,2003382,15,2018,256,"48.828737310088194, 2.2989444595439967"
3690,2003390,13,2018,8,"48.82830977963247, 2.3735960013223374"
3692,2003485,18,2019,12,"48.88684895985266, 2.3278420651949467"
3694,2003532,10,2019,29,"48.87006030990616, 2.360774836476744"
3695,2003543,15,2019,1,"48.84115648980913, 2.297400338415371"
3697,2003626,16,2020,1,"48.84014473035246, 2.255763189385859"
3698,2003632,17,2020,1,"48.89319144972967, 2.3170986704387224"
3700,2003681,20,2020,20,"48.86767730004274, 2.4004376386059523"
3701,2003720,10,2020,30,"48.88156485997782, 2.3660129713980314"
3702,2003721,4,2020,82,"48.85019720014019, 2.362157996598403"
3703,2003742,11,2020,27,"48.86198508009644, 2.383574719345318"
3707,2003805,18,2021,11,"48.88541240968804, 2.3607491116719515"
3708,2003814,12,2021,17,"48.847819349661165, 2.3922962563933665"
3709,2003819,17,2021,1,"48.88378135033224, 2.2872915113518557"
3710,2003834,17,2021,7,"48.88428003966963, 2.32477438521154"
3712,2003845,20,2021,87,"48.86118397035354, 2.410999735225072"
3714,CPE2,2,2021,13,"48.86664274959822, 2.344620366246813"
3715,CPE26,20,2021,16,"48.85535520030671, 2.404134994480116"
3717,2003969,4,2022,1,"48.859195489697306, 2.3532068422727255"
3721,CPE62,15,2022,18,"48.84423875037677, 2.318652497392398"
3722,CPE83,20,2022,60,"48.86680392982436, 2.387125852459646"
3726,CPE84,17,2023,29,"48.89122399037713, 2.305802854570743"
3727,2004200,20,2024,11,"48.86554180959779, 2.3948158075118298"
3728,2004203,15,2024,78,"48.84976988005105, 2.291701477145299"
3729,2004206,7,2024,18,"48.85868127996001, 2.307853326093227"
3730,2004227,10,2024,22,"48.88014347026676, 2.36418096756145"
3731,2004251,11,2024,13,"48.86813178001924, 2.3729115445371542"
3732,2004253,10,2024,2,"48.87012099015157, 2.3696937523481734"
3733,2004257,14,2024,20,"48.82843127966823, 2.3217609315869376"
3735,2000042,20,2001,16,"48.8552639597924, 2.4040615123840676"
3738,2000101,13,2002,84,"48.82594253993229, 2.3599184961405966"
3739,2000154,11,2002,52,"48.86203709972214, 2.3704372302561167"
3740,2000218,13,2003,15,"48.82475918984109, 2.3481670106129187"
3741,2000231,20,2003,13,"48.85715667999418, 2.3986548385233264"
3742,2000250,16,2003,22,"48.83815158984207, 2.2628535611635234"
3743,2000251,20,2003,5,"48.872082660390014, 2.3811155775264337"
3744,2000267,17,2003,16,"48.88455255027548, 2.30917609519214"
3746,2000342,20,2004,4,"48.855244909622385, 2.401561521484314"
3747,2000348,19,2004,24,"48.88486775032991, 2.381482274603997"
3748,2000356,14,2004,21,"48.8351282197792, 2.323639074546927"
3749,2000412,15,2004,7,"48.85008909972469, 2.293970536556751"
3750,2000436,10,2004,1,"48.87725293999792, 2.349579421285365"
3751,2000448,11,2004,45,"48.86963673991759, 2.3746398022220103"
3753,2000469,15,2005,112,"48.84368018967156, 2.277192720546428"
3754,2000478,11,2005,18,"48.86059125022426, 2.381764597359266"
3755,2000496,18,2005,4,"48.8929027298032, 2.3511322333106617"
3756,2000507,18,2005,6,"48.890164200155965, 2.362627681339156"
3759,2000553,18,2005,6,"48.89059959001314, 2.351043829122018"
3760,2000556,3,2005,14,"48.861872309615784, 2.3611900742769643"
3761,2000576,3,2005,10,"48.86458456972368, 2.3564346151384155"
3762,2000644,19,2006,173,"48.877650540296194, 2.3935229135453433"
3763,2000645,19,2006,187,"48.87593232031757, 2.394483942381464"
3765,2000687,18,2006,20,"48.88714788032468, 2.354567851558615"
3766,2000690,18,2006,7,"48.88708843032611, 2.3529449054352796"
3767,2000698,20,2006,2,"48.84997936004907, 2.407621277519122"
3768,2000776,18,2007,26,"48.89553244003375, 2.339676015542353"
3769,2000788,20,2007,6,"48.85470692999087, 2.403154284226477"
3770,2000808,9,2007,10,"48.87982657967072, 2.3349804805150853"
3771,2000835,11,2007,32,"48.861281289637084, 2.3721305629993172"
3772,2000849,9,2007,13,"48.8735962899275, 2.343939721096961"
3774,2000926,20,2007,30,"48.85529735982271, 2.4039232154394576"
3775,2000931,11,2007,54,"48.850717070151646, 2.395349345449723"
3776,2000948,18,2007,8,"48.895589869848855, 2.3471047685999955"
3778,2000992,15,2007,5,"48.83002944997011, 2.3035208015098325"
3779,2001011,19,2007,12,"48.88084238043837, 2.372278410024199"
3780,2001027,20,2008,126,"48.85534159025546, 2.3993277163870403"
3781,2001031,10,2008,25,"48.874723439662695, 2.353938826493351"
3783,2001050,9,2008,84,"48.87781455958932, 2.333328698624618"
3784,2001112,15,2008,28,"48.84118962956716, 2.3061916121922588"
3785,2001096,17,2008,11,"48.883732179848074, 2.2898935513504246"
3786,2001098,11,2008,24,"48.85675416961031, 2.3802435883135105"
3788,2001144,13,2008,42,"48.82080282036602, 2.3529014365278473"
3789,2001156,1,2008,7,"48.86093566963618, 2.3483661252152266"
3790,2001180,3,2008,5,"48.86289748958485, 2.3515031929909025"
3791,2001219,19,2008,1,"48.881222689603185, 2.39757614354102"
3792,2001225,18,2008,18,"48.88376289966768, 2.348067841429233"
3793,2001241,20,2008,4,"48.875075549885345, 2.3953890012935264"
3794,2001245,15,2008,11,"48.845204680133115, 2.31188086809042"
3796,2001287,20,2009,1,"48.854852380107125, 2.4034091800480413"
3798,2001312,17,2009,16,"48.883857269993236, 2.303865536444054"
3799,2001338,17,2009,4,"48.88751421041163, 2.29553473153757"
3800,2001349,19,2009,52,"48.8802602400472, 2.395861928184899"
3801,2001384,15,2009,4,"48.84091162961117, 2.296674631672555"
3802,2001388,18,2009,1,"48.889044969905626, 2.3428905686825687"
3804,2001406,17,2009,11,"48.89022851032037, 2.3213935773889927"
3805,2001417,13,2009,230,"48.825046629918695, 2.351623877606121"
3807,2001444,14,2009,12,"48.8315880298509, 2.3182035243917847"
3808,2001451,13,2009,16,"48.83521888028661, 2.344926810336182"
3810,2001466,11,2009,19,"48.851634810076256, 2.3845122196582755"
3811,2001474,15,2009,10,"48.833368870255725, 2.3091034001534547"
3813,2001492,11,2009,17,"48.851272179759384, 2.392157950244469"
3815,2001500,19,2009,2,"48.887951890029385, 2.380937918001425"
3819,2001564,20,2010,49,"48.87027722033939, 2.3796419953458314"
3820,2001572,4,2010,7,"48.85873637009389, 2.3510531204719367"
3821,2001600,8,2010,18,"48.873268050127564, 2.309421826323602"
3822,2001601,16,2010,29,"48.85794455959025, 2.2781988975373912"
3823,2001613,1,2010,5,"48.86134128985992, 2.342759395139929"
3824,2001628,11,2010,17,"48.8552348298371, 2.388408818407712"
3826,2001643,12,2010,24,"48.84555724032707, 2.40722777329319"
3829,2001743,10,2010,14,"48.87665818968981, 2.3714251143342597"
3830,2001751,10,2010,14,"48.872952399828485, 2.3708325223818023"
3833,2001793,19,2010,15,"48.87559631012683, 2.3989851583315973"
3834,2001828,10,2010,14,"48.874322870134336, 2.373732222571833"
3836,2001869,14,2011,8,"48.82889587998257, 2.3076902769577043"
3838,2001905,15,2011,23,"48.84245664034568, 2.3160607985535617"
3839,2001929,13,2011,1,"48.822628809744984, 2.3757604084221677"
3840,2001938,16,2011,2,"48.849938810391436, 2.2760020461200963"
3841,2001960,4,2011,15,"48.85359290959574, 2.3636789654752266"
3842,2001989,12,2011,8,"48.83510807967749, 2.3923715495345883"
3843,2002017,19,2011,12,"48.89079725018829, 2.3758769283491077"
3844,2002035,19,2011,6,"48.87289104002614, 2.37932621112228"
3846,2002055,10,2012,3,"48.88093513031615, 2.3596409745034643"
3847,2002077,9,2012,12,"48.87656675967506, 2.3478821456629144"
3848,2002097,14,2012,1,"48.83069449984736, 2.310214321428182"
3849,2002106,20,2012,9,"48.85972969981649, 2.403392926255225"
3851,2002186,20,2012,1,"48.872495209856446, 2.402243973458762"
3852,2002190,12,2012,21,"48.83908462971083, 2.3928074371026713"
3853,2002237,13,2012,1,"48.83637234041232, 2.3536361660132576"
3854,2002286,20,2013,24,"48.864021150390016, 2.400040165406352"
3855,2002320,11,2013,16,"48.85126023966678, 2.379943332388521"
3856,2002321,11,2013,49,"48.85807707991244, 2.3749578201880723"
3857,2002324,11,2013,1,"48.868088640306155, 2.379077217064983"
3859,2002357,17,2013,1,"48.887634009646455, 2.2969643559825066"
3861,2002419,17,2013,111,"48.894319020102664, 2.3177118405323505"
3862,2002437,19,2013,73,"48.885998650060834, 2.3685127064314613"
3863,2002483,1,2014,11,"48.86424428017184, 2.336023597507687"
3864,2002512,20,2014,61,"48.85662638022165, 2.4011810093459744"
3865,2002528,20,2014,1,"48.85039468989584, 2.408168733409571"
3866,2002542,5,2014,89,"48.84971227030341, 2.348066956456038"
3869,2002649,10,2014,1,"48.8692448300967, 2.362931802040043"
3870,2002675,13,2015,3,"48.82179751980172, 2.3519337423931104"
3873,2002765,14,2015,18,"48.82563797993826, 2.3258885786488226"
3874,2002766,14,2015,7,"48.82468492016299, 2.3267045966546003"
3875,2002815,10,2015,14,"48.88335651977797, 2.3593348595867143"
3876,2002821,11,2015,55,"48.85248891980675, 2.3802283835464944"
3877,2002831,14,2015,1,"48.83018043030905, 2.312589838524538"
3878,2002867,19,2015,9,"48.892528530102645, 2.381035559614376"
3880,2002917,20,2016,25,"48.853062719587825, 2.406645651609045"
3881,2002935,17,2016,19,"48.88940340990573, 2.3219855403593823"
3882,2002936,19,2016,1,"48.891770029998284, 2.382075550040739"
3884,2002941,10,2016,28,"48.87194356972331, 2.3624669715648112"
3885,2002947,12,2016,3,"48.8363775102808, 2.400598882006707"
3886,2003039,3,2016,1,"48.85958442037579, 2.3641770665111275"
3888,2003059,18,2017,9,"48.893651850113585, 2.335481015335345"
3889,2003090,13,2017,6,"48.82752663959383, 2.369515132339581"
3891,2003155,11,2017,38,"48.86318776020001, 2.368884983659781"
3893,2003185,15,2017,114,"48.8258569697393, 2.299991472181645"
3894,2003202,15,2017,55,"48.84346856019436, 2.2869657415860667"
3895,2003234,17,2017,19,"48.88148051987553, 2.2863763395321626"
3897,2003267,19,2018,93,"48.8796030899047, 2.3966517114247408"
3898,2003294,18,2018,1,"48.89538090966586, 2.3470830685305426"
3900,2003333,18,2018,75,"48.88920201028823, 2.351531971541117"
3902,2003365,11,2018,16,"48.858622130046705, 2.3773352983885663"
3903,2003368,19,2018,3,"48.891296179668636, 2.3738202426190864"
3904,2003405,15,2018,27,"48.84114313986231, 2.3013811502300676"
3905,2003411,18,2018,11,"48.88709311041619, 2.3608450215773034"
3906,2003418,19,2018,2,"48.884147730363836, 2.3971145691957263"
3910,2003517,19,2019,4,"48.875971729827995, 2.3821005182703328"
3912,2003556,14,2019,68,"48.82241017013727, 2.3301240914120247"
3913,2003569,20,2019,1,"48.86848737986497, 2.389500790360899"
3917,2003763,17,2019,2,"48.88675298989444, 2.3188190882314603"
3918,2003592,18,2020,10,"48.89301705007382, 2.3491314394102303"
3920,2003647,18,2020,6,"48.88874091994479, 2.353504737431146"
3922,2003715,17,2020,41,"48.88324995981678, 2.3157238753262326"
3925,2003768,16,2020,22,"48.847611219861015, 2.2682876775482805"
3926,2003771,15,2021,90,"48.836007679991475, 2.287963855593757"
3927,2003835,17,2021,19,"48.890354719879, 2.321717832089586"
3928,2003839,18,2021,12,"48.88965766030342, 2.343051811065025"
3929,CPE24,11,2021,29,"48.8573312102104, 2.3705836241744973"
3930,CPE46,11,2021,16,"48.8575013703706, 2.390489810565775"
3931,2003963,18,2022,1,"48.89285502988912, 2.350402393412319"
3932,2003972,3,2022,8,"48.864492850350885, 2.356835678999113"
3933,2004019,14,2022,14,"48.82457204002979, 2.3279805404787566"
3934,2004024,15,2022,23,"48.838488610317896, 2.300949881520517"
3935,2004029,19,2022,16,"48.88552341991167, 2.381557030470491"
3936,2004042,3,2022,3,"48.86067160989208, 2.3644620442866082"
3938,2004063,5,2022,33,"48.8386003004359, 2.3533978600533305"
3939,CPE57,11,2022,9,"48.86037842043831, 2.387160998263236"
3940,CPE70,20,2022,15,"48.85247949998445, 2.4043581415513224"
3941,2004068,6,2023,48,"48.84607421016604, 2.3286236653704435"
3942,2004166,18,2023,16,"48.88446124960997, 2.33202035752839"
3947,2004202,15,2024,3,"48.829989439752815, 2.3038118901497033"
3948,2004222,17,2024,12,"48.89354707983802, 2.327278525321393"
3949,2004245,3,2024,10,"48.8616804102892, 2.361657027250428"
3950,2004266,10,2024,9,"48.87116788015453, 2.352523104459317"
3951,2004269,15,2024,33,"48.83903570976294, 2.2781174540388207"
3952,2000025,12,2001,18,"48.849788729771504, 2.3809650610733772"
3954,2000036,14,2001,64,"48.83394293997084, 2.337571937558535"
3955,2000051,12,2001,24,"48.835062580248774, 2.3995341265587298"
3956,2000054,13,2001,103,"48.82162424013799, 2.360860060404793"
3958,2000057,18,2001,16,"48.89506455008156, 2.3395800621835945"
3959,2000058,6,2001,5,"48.85344278997235, 2.340742187411379"
3960,2000072,19,2001,21,"48.893817540359684, 2.383031962541432"
3961,2000091,2,2002,30,"48.86538958024873, 2.344977236044624"
3962,2000136,10,2002,9,"48.871823480229445, 2.3523683166229516"
3963,2000184,2,2002,11,"48.86930803023366, 2.3478657975003268"
3964,2000188,10,2002,48,"48.8755560700534, 2.3499753771881604"
3965,2000191,13,2002,30,"48.826810959961875, 2.368909013578564"
3966,2000199,13,2003,29,"48.82066963001863, 2.3610196945560973"
3968,2000213,9,2003,22,"48.87284936000583, 2.3477985003439437"
3969,2000229,9,2003,9,"48.88045620965961, 2.3438086453695024"
3970,2000265,10,2003,45,"48.873254260284696, 2.3562291684299503"
3971,2000271,19,2003,4,"48.88355172022986, 2.3921527423788236"
3973,2000306,2,2004,27,"48.86828749009585, 2.343657348378822"
3974,2000311,18,2004,42,"48.88573030987025, 2.3290688001040674"
3975,2000322,10,2004,16,"48.87453169019521, 2.364920757360553"
3976,2000337,9,2004,4,"48.873435879755405, 2.3446710370110573"
3977,2000340,13,2004,5,"48.82198960000156, 2.353916188373782"
3978,2000384,10,2004,26,"48.87894749964974, 2.356043467314265"
3979,2000405,14,2004,4,"48.831518310192266, 2.316222590485115"
3980,2000413,13,2004,76,"48.82938225966569, 2.382932962427729"
3982,2000490,12,2005,5,"48.845440579643494, 2.4041383521302575"
3983,2000494,17,2005,18,"48.884395750160685, 2.3259867490822663"
3984,2000502,15,2005,17,"48.83783170000355, 2.2927391153292995"
3985,2000505,10,2005,3,"48.87669614987004, 2.353879478611973"
3986,2000518,3,2005,21,"48.86615106993801, 2.353395967157569"
3987,2000520,18,2005,25,"48.8951346902126, 2.3493775764365648"
3988,2000550,18,2005,18,"48.88769323004713, 2.3504702113607063"
3989,2000608,18,2006,10,"48.89302466964979, 2.3501479281608235"
3990,2000611,15,2006,16,"48.834642490319865, 2.2894301941079562"
3991,2000622,12,2006,1,"48.847647819776974, 2.375712295429275"
3992,2000633,6,2006,15,"48.85268863992348, 2.3346328642975775"
3993,2000641,14,2006,206,"48.83133250962289, 2.3129090582111655"
3994,2000647,12,2006,6,"48.84476864027744, 2.3912695610849655"
3995,2000653,20,2006,2,"48.871612400154454, 2.403643106532028"
3996,2000663,19,2006,166,"48.893239530213016, 2.3797242600156565"
3997,2000691,18,2006,12,"48.88727813030329, 2.3548659994217096"
3998,2000707,5,2006,14,"48.84042111983089, 2.3453957655804794"
4001,2000840,12,2007,12,"48.8394010604361, 2.4024782655190062"
4002,2000845,4,2007,3,"48.858011610108534, 2.35498864044376"
4003,2000850,19,2007,9,"48.888733860128774, 2.372798331564329"
4004,2000871,20,2007,9,"48.86805737009896, 2.387469264380685"
4006,2000953,20,2007,5,"48.85730625004755, 2.401920265531175"
4007,2001015,19,2007,8,"48.88482937030116, 2.3674866951687505"
4008,2002664,15,2007,7,"48.842399690197404, 2.295448763544428"
4009,2001021,19,2008,29,"48.88273676024266, 2.392604646628638"
4010,2001051,17,2008,9,"48.88527157971558, 2.3264385612164777"
4011,2001053,11,2008,9,"48.85347252959012, 2.3801700081488852"
4012,2001095,11,2008,10,"48.85013846027874, 2.3899157014943735"
4013,2001102,18,2008,84,"48.90026317018411, 2.3359113301178867"
4016,2001171,1,2008,10,"48.86150063980456, 2.344283752481186"
4017,2001183,3,2008,8,"48.859041099835366, 2.3602106385892383"
4018,2001199,4,2008,7,"48.85852261991659, 2.351854802185454"
4019,2001282,18,2008,7,"48.89496465955616, 2.3389128935937133"
4020,2001283,10,2008,7,"48.87678255005974, 2.353250315649159"
4022,2001324,19,2009,27,"48.889727119827675, 2.368383843510626"
4023,2001335,16,2009,1,"48.843182809602844, 2.255208160491813"
4026,2001412,20,2009,8,"48.85554454010258, 2.405391191528413"
4027,2001510,13,2009,164,"48.834432030405665, 2.3658612056447974"
4028,2001528,13,2009,35,"48.830037280159196, 2.3414734474549914"
4029,2001529,13,2009,21,"48.82949142021967, 2.34152582739984"
4030,2001543,19,2009,2,"48.87556454965518, 2.398491039254073"
4031,2001544,18,2009,1,"48.88405405033383, 2.3511019984739936"
4032,2001633,10,2010,90,"48.869369189830415, 2.3688754305554687"
4033,2001637,3,2010,15,"48.86739153033549, 2.3565565565056414"
4034,2001644,13,2010,2,"48.824837599653854, 2.3700514214506656"
4035,2001647,18,2010,7,"48.89795263972101, 2.3357825874155766"
4037,2001669,20,2010,1,"48.855280110157665, 2.411036064449348"
4039,2001681,9,2010,19,"48.88091916037404, 2.3451705411213797"
4041,2001694,14,2010,8,"48.8377887501712, 2.3359489605818897"
4042,2001779,18,2010,1,"48.89576096038779, 2.347540956536859"
4043,2001805,11,2010,12,"48.85528303978607, 2.38777734264371"
4044,2001818,18,2010,4,"48.887026549842645, 2.353184490332944"
4045,2001863,3,2011,28,"48.86247789032272, 2.355025104111652"
4047,2001875,20,2011,64,"48.86590979019168, 2.389576091405162"
4048,2001889,14,2011,11,"48.822810059807615, 2.328281083393695"
4049,2001906,16,2011,38,"48.8616276403099, 2.275798434321788"
4050,2001907,17,2011,146,"48.89338532960098, 2.3137396785099864"
4052,2001952,3,2011,11,"48.85920367984818, 2.3670795273373852"
4054,2002019,19,2011,4,"48.901575150043605, 2.3799225513208873"
4055,2002033,18,2011,3,"48.89216823026344, 2.3595846380631587"
4056,2002043,16,2012,37,"48.84150811005536, 2.266794594250289"
4057,2002052,18,2012,12,"48.887182599569584, 2.3555398761615036"
4059,2002093,9,2012,6,"48.871932119986255, 2.3413811863311107"
4060,2002115,13,2012,1,"48.829681079871364, 2.347044184677514"
4061,2002134,18,2012,15,"48.894387539911975, 2.3459722415018534"
4062,2002136,12,2012,36,"48.849314910101945, 2.3780275785489"
4063,2002206,13,2012,12,"48.83351626968732, 2.355630314146117"
4065,2002236,5,2012,1,"48.847660300008684, 2.3524669953573607"
4067,2002285,9,2013,18,"48.88097306964246, 2.342355549656353"
4068,2002293,20,2013,9,"48.872697760128204, 2.396941558316985"
4069,2002308,1,2013,96,"48.859476679945, 2.342030689315348"
4072,2002349,16,2013,1,"48.849444240373124, 2.2695671792881336"
4073,2002351,16,2013,34,"48.865226529767355, 2.28489160648075"
4074,2002363,19,2013,20,"48.89229987963875, 2.38117104839344"
4076,2002430,15,2013,24,"48.846179950438156, 2.2885590506414415"
4079,2002513,2,2014,1,"48.86520294031659, 2.349463224318071"
4080,2002521,11,2014,1,"48.84974742022133, 2.394833021579136"
4081,2002548,11,2014,85,"48.86121759019744, 2.387952217159676"
4082,2002556,15,2014,53,"48.850044880073625, 2.296413325339673"
4083,2002599,10,2014,21,"48.88194312999796, 2.3674332263365963"
4086,2002628,19,2014,1,"48.893784499642805, 2.3736583991048112"
4088,2002653,20,2014,1,"48.86046486972116, 2.4006008823100746"
4090,2002693,10,2015,1,"48.877280620196835, 2.361844841642062"
4091,2002704,17,2015,1,"48.89239201957592, 2.3184007014379575"
4092,2002708,20,2015,30,"48.87136303031883, 2.3812674270576464"
4093,2002715,11,2015,6,"48.85524408998059, 2.3810434394725384"
4096,2002735,17,2015,3,"48.89288045042923, 2.3179720632152923"
4097,2002746,20,2015,4,"48.861248660075525, 2.4062578283593767"
4098,2002764,11,2015,25,"48.86191416971825, 2.3750251376591875"
4099,2002784,14,2015,8,"48.84275173035873, 2.3245214234542"
4100,2002800,19,2015,2,"48.877313269731694, 2.3739482455632266"
4101,2002805,19,2015,13,"48.88732437041316, 2.367287326276937"
4103,2002828,14,2015,142,"48.83643356044988, 2.3177144744612135"
4104,2002882,14,2016,1,"48.8272369401424, 2.3287066463807276"
4107,2002924,12,2016,22,"48.840214159640155, 2.388112300981435"
4108,2002950,12,2016,20,"48.835117150444916, 2.3955582293567814"
4112,2003065,14,2017,24,"48.83078313975461, 2.3167849574564903"
4114,2003078,17,2017,16,"48.893950710376494, 2.326965761368558"
4115,2003120,13,2017,106,"48.826059919726376, 2.3530727355042926"
4121,2003229,6,2017,2,"48.85469785969005, 2.3337796095719674"
4123,2003268,18,2018,268,"48.89170308000415, 2.3650731946104098"
4124,2003295,18,2018,1,"48.88622674998628, 2.346624492579045"
4125,2003307,2,2018,1,"48.86890368024803, 2.343949091338595"
4126,2003308,2,2018,1,"48.87101619979866, 2.338829553521766"
4127,2003316,11,2018,45,"48.8565463001628, 2.37900424444019"
4128,2003317,11,2018,2,"48.86710211966802, 2.3738470052493312"
4131,2003407,16,2018,58,"48.85327974019058, 2.2648987595545425"
4132,2003417,19,2018,16,"48.887895320439554, 2.3808646195826806"
4134,2003531,9,2019,44,"48.880688339858374, 2.3450619176641463"
4135,2003535,17,2019,1,"48.8867759797205, 2.29234671558111"
4136,2003552,17,2019,83,"48.88593755974732, 2.322881385462035"
4137,2003553,7,2019,115,"48.85214505002821, 2.3173044665034985"
4138,2003554,14,2019,7,"48.831016900337374, 2.329344990125781"
4140,2003579,15,2020,7,"48.83248992961762, 2.308111873582021"
4141,2003694,17,2020,1,"48.88763716982424, 2.29698318354803"
4142,2003752,20,2020,21,"48.858197499905174, 2.4034640220658408"
4143,2003781,11,2021,26,"48.85578102969695, 2.3880295982322766"
4145,2003841,19,2021,20,"48.877861620266536, 2.390849668134132"
4147,CPE15,20,2021,99,"48.857448399938704, 2.39390522812765"
4149,CPE29,14,2021,56,"48.830166190357886, 2.3135481210466744"
4150,CPE34,20,2021,85,"48.86762444043448, 2.385707178639316"
4151,CPE9,11,2021,18,"48.852917239942414, 2.385867862370377"
4153,2003965,11,2022,2,"48.859127020217684, 2.3761789111371514"
4154,2003980,17,2022,1,"48.88908927017808, 2.2935019364669245"
4155,2004007,19,2022,44,"48.89259114955284, 2.3809318430516226"
4158,2004034,15,2022,16,"48.83884463956284, 2.2990028566661254"
4159,2004046,20,2022,1,"48.870677059862956, 2.3954571776072107"
4160,CPE82,20,2022,73,"48.86463942980536, 2.3924557425592123"
4162,2004101,18,2023,2,"48.88498762020597, 2.33427930150502"
4163,2004111,15,2023,17,"48.84186317042828, 2.294476293453305"
4164,2004114,17,2023,1,"48.88413997019635, 2.288687492659339"
4165,2004128,8,2023,23,"48.869506270342214, 2.3007584024327516"
4166,2004133,20,2023,1,"48.86903096002283, 2.409712426061835"
4167,2004178,14,2023,38,"48.83557042985749, 2.3254384290794294"
4168,CPE88,15,2023,3,"48.82933243968317, 2.3017407484361425"
4169,CPE89,15,2023,29,"48.82903680991795, 2.3013421045585774"
4170,CPE96,12,2023,47,"48.84494397977064, 2.382072840530471"
4173,2004261,17,2024,39,"48.886608499825726, 2.3147519871060998"
